#
# A fatal error has been detected by the Java Runtime Environment:
#
#  SIGSEGV (0xb) at pc=0x00007f7f5dff87c4, pid=284120, tid=284228
#
# JRE version: OpenJDK Runtime Environment (21.0.10+7) (build 21.0.10+7-Ubuntu-124.04)
# Java VM: OpenJDK 64-Bit Server VM (21.0.10+7-Ubuntu-124.04, mixed mode, sharing, tiered, compressed oops, compressed class ptrs, g1 gc, linux-amd64)
# Problematic frame:
# V  [libjvm.so+0xcce7c4]  Node::uncast(bool) const+0x4
#
# No core dump will be written. Core dumps have been disabled. To enable core dumping, try "ulimit -c unlimited" before starting Java again
#
# If you would like to submit a bug report, please visit:
#   https://bugs.launchpad.net/ubuntu/+source/openjdk-21
#

---------------  S U M M A R Y ------------

Command Line: -Djava.awt.headless=true -Djava.library.path=/usr/java/packages/lib:/usr/lib/x86_64-linux-gnu/jni:/lib/x86_64-linux-gnu:/usr/lib/x86_64-linux-gnu:/usr/lib/jni:/lib:/usr/lib:/app/app/src/testDebug/jniLibs:/app/app/src/test/jniLibs -Dorg.gradle.internal.worker.tmpdir=/app/app/build/tmp/testDebugUnitTest/work --add-opens=java.base/java.io=ALL-UNNAMED -Xmx512m -Dfile.encoding=UTF-8 -Duser.country -Duser.language=en -Duser.variant -ea worker.org.gradle.process.internal.worker.GradleWorkerMain 'Gradle Test Executor 10'

Host: Intel(R) Xeon(R) Processor @ 2.30GHz, 4 cores, 7G, Ubuntu 24.04.4 LTS
Time: Wed Sep  9 20:43:26 2026 UTC elapsed time: 38.970739 seconds (0d 0h 0m 38s)

---------------  T H R E A D  ---------------

Current thread (0x00007f7f5810a6f0):  JavaThread "C2 CompilerThread0" daemon [_thread_in_native, id=284228, stack(0x00007f7f3d290000,0x00007f7f3d390000) (1024K)]


Current CompileTask:
C2:38970 9533 %     4       com.bas080.autosleepdroid.EventLogger::persistLogs @ 18 (90 bytes)

Stack: [0x00007f7f3d290000,0x00007f7f3d390000],  sp=0x00007f7f3d38a2f8,  free space=1000k
Native frames: (J=compiled Java code, j=interpreted, Vv=VM code, C=native code)
V  [libjvm.so+0xcce7c4]  Node::uncast(bool) const+0x4
V  [libjvm.so+0x4caa80]  InlineTree::ok_to_inline(ciMethod*, JVMState*, ciCallProfile&, bool&)+0x140
V  [libjvm.so+0x75b115]  Compile::call_generator(ciMethod*, int, bool, JVMState*, bool, float, ciKlass*, bool)+0x695
V  [libjvm.so+0x593215]  CallGenerator::for_method_handle_inline(JVMState*, ciMethod*, ciMethod*, bool, bool&)+0x125
V  [libjvm.so+0x593b2a]  CallGenerator::for_method_handle_call(JVMState*, ciMethod*, ciMethod*, bool)+0x2a
V  [libjvm.so+0x75b039]  Compile::call_generator(ciMethod*, int, bool, JVMState*, bool, float, ciKlass*, bool)+0x5b9
V  [libjvm.so+0x75bd0b]  Parse::do_call()+0x1ab
V  [libjvm.so+0xd36931]  Parse::do_one_block()+0x1a1
V  [libjvm.so+0xd36f19]  Parse::do_all_blocks()+0xe9
V  [libjvm.so+0xd395e8]  Parse::Parse(JVMState*, ciMethod*, float)+0x6c8
V  [libjvm.so+0x58f25b]  ParseGenerator::generate(JVMState*)+0x8b
V  [libjvm.so+0x75bd63]  Parse::do_call()+0x203
V  [libjvm.so+0xd36931]  Parse::do_one_block()+0x1a1
V  [libjvm.so+0xd36f19]  Parse::do_all_blocks()+0xe9
V  [libjvm.so+0xd395e8]  Parse::Parse(JVMState*, ciMethod*, float)+0x6c8
V  [libjvm.so+0x58f25b]  ParseGenerator::generate(JVMState*)+0x8b
V  [libjvm.so+0x75bd63]  Parse::do_call()+0x203
V  [libjvm.so+0xd36931]  Parse::do_one_block()+0x1a1
V  [libjvm.so+0xd36f19]  Parse::do_all_blocks()+0xe9
V  [libjvm.so+0xd395e8]  Parse::Parse(JVMState*, ciMethod*, float)+0x6c8
V  [libjvm.so+0x58f25b]  ParseGenerator::generate(JVMState*)+0x8b
V  [libjvm.so+0x75bd63]  Parse::do_call()+0x203
V  [libjvm.so+0xd36931]  Parse::do_one_block()+0x1a1
V  [libjvm.so+0xd36f19]  Parse::do_all_blocks()+0xe9
V  [libjvm.so+0xd395e8]  Parse::Parse(JVMState*, ciMethod*, float)+0x6c8
V  [libjvm.so+0x58f25b]  ParseGenerator::generate(JVMState*)+0x8b
V  [libjvm.so+0x591fc1]  CallGenerator::do_late_inline_helper()+0x5c1
V  [libjvm.so+0x65dc72]  Compile::inline_incrementally_one()+0xd2
V  [libjvm.so+0x664ee0]  Compile::inline_incrementally(PhaseIterGVN&)+0x1f0
V  [libjvm.so+0x668b16]  Compile::Optimize()+0x396
V  [libjvm.so+0x66a79c]  Compile::Compile(ciEnv*, ciMethod*, int, Options, DirectiveSet*)+0xecc
V  [libjvm.so+0x58e02d]  C2Compiler::compile_method(ciEnv*, ciMethod*, int, bool, DirectiveSet*)+0x19d
V  [libjvm.so+0x670b23]  CompileBroker::invoke_compiler_on_method(CompileTask*)+0xc73
V  [libjvm.so+0x673d48]  CompileBroker::compiler_thread_loop()+0x6d8
V  [libjvm.so+0x92c066]  JavaThread::thread_main_inner()+0x1e6
V  [libjvm.so+0xf8fef7]  Thread::call_run()+0xa7
V  [libjvm.so+0xd06565]  thread_native_entry(Thread*)+0xd5
C  [libc.so.6+0x9caa4]

siginfo: si_signo: 11 (SIGSEGV), si_code: 1 (SEGV_MAPERR), si_addr: 0x000000000000002c

Registers:
RAX=0x000000000000004e, RBX=0x0000000000000000, RCX=0x0000000000001672, RDX=0x00007f7ea47599b0
RSP=0x00007f7f3d38a2f8, RBP=0x00007f7f3d38a350, RSI=0x0000000000000000, RDI=0x0000000000000000
R8 =0x00007f7f3d38a4c0, R9 =0x00007f7f3d38a490, R10=0x00007f7f5e87cba0, R11=0x00007f7ea843faf8
R12=0x00007f7ea895fd28, R13=0x00007f7ea8539ce8, R14=0x00007f7e68228138, R15=0x00007f7ea44fb8d0
RIP=0x00007f7f5dff87c4, EFLAGS=0x0000000000010206, CSGSFS=0x002b000000000033, ERR=0x0000000000000004
  TRAPNO=0x000000000000000e

XMM[0]=0x00007f7f5810a6f0 0x00007f7ed4614280
XMM[1]=0x0000000000000000 0x00007f7f5810a6f0
XMM[2]=0x0000000000000000 0x40c0158000000000
XMM[3]=0x00007f7ea8dfe140 0x00007f7ea8dfdf48
XMM[4]=0x00007f7ea8dfe8d8 0x00007f7ea8dfe5c0
XMM[5]=0x00007f7ea85386b0 0x00007f7ea8538550
XMM[6]=0x00007f7ea8537bc0 0x00007f7ea8537470
XMM[7]=0x00007f7ea8dff680 0x00007f7ea8dfee08
XMM[8]=0x00007f7ea8dfeb90 0x00007f7ea8dfe490
XMM[9]=0x0000000000000000 0x46293e5939a08cea
XMM[10]=0x0000000000000000 0x4376345785d8a000
XMM[11]=0x00007f7e683c8330 0x00007f7e683c83f0
XMM[12]=0x00007f7e683c8270 0x00007f7e683c8210
XMM[13]=0x550c7dc3243185be 0x12835b01d807aa98
XMM[14]=0xab1c5ed5923f82a4 0x59f111f13956c25b
XMM[15]=0x0000000000000000 0x0000000000000000
  MXCSR=0x00001fa2


Register to memory mapping:

RAX=0x000000000000004e is an unknown value
RBX=0x0 is null
RCX=0x0000000000001672 is an unknown value
RDX=0x00007f7ea47599b0 points into unknown readable memory: 0x00007f7ea47589b0 | b0 89 75 a4 7e 7f 00 00
RSP=0x00007f7f3d38a2f8 is pointing into the stack for thread: 0x00007f7f5810a6f0
RBP=0x00007f7f3d38a350 is pointing into the stack for thread: 0x00007f7f5810a6f0
RSI=0x0 is null
RDI=0x0 is null
R8 =0x00007f7f3d38a4c0 is pointing into the stack for thread: 0x00007f7f5810a6f0
R9 =0x00007f7f3d38a490 is pointing into the stack for thread: 0x00007f7f5810a6f0
R10=0x00007f7f5e87cba0: <offset 0x0000000001552ba0> in /usr/lib/jvm/java-21-openjdk-amd64/lib/server/libjvm.so at 0x00007f7f5d32a000
R11=0x00007f7ea843faf8 points into unknown readable memory: 0x0000000000240005 | 05 00 24 00 00 00 00 00
R12=0x00007f7ea895fd28 points into unknown readable memory: 0x00007f7ea895fd68 | 68 fd 95 a8 7e 7f 00 00
R13=0x00007f7ea8539ce8 points into unknown readable memory: 0x00007f7f5e7ccff8 | f8 cf 7c 5e 7f 7f 00 00
R14=0x00007f7e68228138 points into unknown readable memory: 0x00007f7f5e7c6e98 | 98 6e 7c 5e 7f 7f 00 00
R15=0x00007f7ea44fb8d0 points into unknown readable memory: 0x00007f7f3d38db90 | 90 db 38 3d 7f 7f 00 00

Top of Stack: (sp=0x00007f7f3d38a2f8)
0x00007f7f3d38a2f8:   00007f7f5d7f387e 00007f7f3d38a340
0x00007f7f3d38a308:   00007f7ea8d73230 00007f7f3d38a380
0x00007f7f3d38a318:   00007f7ea44fba90 00007f7ea80039f8
0x00007f7f3d38a328:   00007f7ea44fba90 00007f7ea843deb8
0x00007f7f3d38a338:   00007f7ea44fb8d0 00007f7f3d38a490
0x00007f7f3d38a348:   00007f7e68228138 00007f7f3d38a410
0x00007f7f3d38a358:   00007f7f5d7f4a80 00007f7f3d38a4c0
0x00007f7f3d38a368:   00007f7f5d7f4a22 00007f7f3d38a410
0x00007f7f3d38a378:   00007f7f5d900351 00007f7f3d38a4c0
0x00007f7f3d38a388:   0000002458108b40 0000202b00000000
0x00007f7f3d38a398:   0000000000000000 00007f7e0100deb8
0x00007f7f3d38a3a8:   00007f7f00000000 00007f7e00000001
0x00007f7f3d38a3b8:   0000000000050248 00007f7ea4499760
0x00007f7f3d38a3c8:   00007f7f5d7f46ab 00007f7ea4499760
0x00007f7f3d38a3d8:   00007f7ea843deb8 000000e9000000b6
0x00007f7f3d38a3e8:   000000000000222b 00007f7ea44fba90
0x00007f7f3d38a3f8:   0000000000000000 00007f7ea44fb8d0
0x00007f7f3d38a408:   00007f7f3d38db90 00007f7f3d38a570
0x00007f7f3d38a418:   00007f7f5da85115 00007f7f3d38a590
0x00007f7f3d38a428:   00007f7f5deb5cad 00007f7fffffffff
0x00007f7f3d38a438:   000000b63d38a4b0 00007f7f3d38a4c0
0x00007f7f3d38a448:   00007f7f5e8d1c01 00000001fffffffc
0x00007f7f3d38a458:   00007f7edf487801 00007f7f3d38a490
0x00007f7f3d38a468:   00007f7f0000202b 00007f7e00000000
0x00007f7f3d38a478:   010000003f7fffef 00007f7e00000024
0x00007f7f3d38a488:   00007f7e68228138 0000000000000000
0x00007f7f3d38a498:   ffffffff0000202b 00007f7ee0680400
0x00007f7f3d38a4a8:   0000000000000000 00007f7edf092f78
0x00007f7f3d38a4b8:   00007f7edf092f78 00007f7ea8d73200
0x00007f7f3d38a4c8:   00007f7f5e0be64f 00007f7f3d38a640
0x00007f7f3d38a4d8:   00007f7f5810a6f0 000000013d38a610
0x00007f7f3d38a4e8:   00007f7f00000001 00007f7edf092f78

Instructions: (pc=0x00007f7f5dff87c4)
0x00007f7f5dff86c4:   ff 90 66 2e 0f 1f 84 00 00 00 00 00 f3 0f 1e fa
0x00007f7f5dff86d4:   8b 57 1c 85 d2 74 25 48 8b 4f 08 31 c0 eb 0e 0f
0x00007f7f5dff86e4:   1f 44 00 00 48 83 c0 01 48 39 c2 74 0f 48 39 34
0x00007f7f5dff86f4:   c1 75 f1 c3 0f 1f 84 00 00 00 00 00 b8 ff ff ff
0x00007f7f5dff8704:   ff c3 66 2e 0f 1f 84 00 00 00 00 00 f3 0f 1e fa
0x00007f7f5dff8714:   55 48 89 e5 41 57 41 56 41 55 41 54 53 48 83 ec
0x00007f7f5dff8724:   18 4c 89 4d c0 48 39 d6 74 72 89 cb 45 89 c7 44
0x00007f7f5dff8734:   39 c1 7d 68 49 89 fd 49 89 f6 49 89 d2 45 31 e4
0x00007f7f5dff8744:   eb 12 66 2e 0f 1f 84 00 00 00 00 00 83 c3 01 41
0x00007f7f5dff8754:   39 df 74 31 49 8b 4d 08 89 da 4c 3b 34 d1 75 ec
0x00007f7f5dff8764:   48 8b 4d c0 4c 89 d2 89 de 4c 89 ef 83 c3 01 4c
0x00007f7f5dff8774:   89 55 c8 41 83 c4 01 e8 b0 9d 08 00 4c 8b 55 c8
0x00007f7f5dff8784:   41 39 df 75 cf 48 83 c4 18 44 89 e0 5b 41 5c 41
0x00007f7f5dff8794:   5d 41 5e 41 5f 5d c3 0f 1f 44 00 00 48 83 c4 18
0x00007f7f5dff87a4:   31 c0 5b 41 5c 41 5d 41 5e 41 5f 5d c3 90 66 66
0x00007f7f5dff87b4:   2e 0f 1f 84 00 00 00 00 00 0f 1f 00 f3 0f 1e fa
0x00007f7f5dff87c4:   8b 57 2c 48 89 f8 83 e2 1f 83 fa 14 75 2c 40 84
0x00007f7f5dff87d4:   f6 75 48 83 78 18 02 75 21 0f 1f 00 8b 50 2c 83
0x00007f7f5dff87e4:   e2 1f 83 fa 14 75 13 48 8b 40 08 48 8b 40 08 48
0x00007f7f5dff87f4:   85 c0 74 38 83 78 18 02 74 e2 c3 90 8b 50 2c 83
0x00007f7f5dff8804:   e2 1f 83 fa 14 75 f3 8b 50 40 85 d2 75 ec 48 8b
0x00007f7f5dff8814:   40 08 48 8b 40 08 48 85 c0 74 df 83 78 18 02 74
0x00007f7f5dff8824:   db c3 66 2e 0f 1f 84 00 00 00 00 00 c3 90 66 66
0x00007f7f5dff8834:   2e 0f 1f 84 00 00 00 00 00 0f 1f 00 f3 0f 1e fa
0x00007f7f5dff8844:   55 48 89 e5 41 56 41 55 41 54 53 48 8b 5f 10 8b
0x00007f7f5dff8854:   47 20 4c 8d 34 c3 4c 39 f3 73 31 41 89 f5 eb 0d
0x00007f7f5dff8864:   0f 1f 40 00 48 83 c3 08 4c 39 f3 73 1f 4c 8b 23
0x00007f7f5dff8874:   49 8b 04 24 4c 89 e7 ff 10 44 39 e8 75 e6 5b 4c
0x00007f7f5dff8884:   89 e0 41 5c 41 5d 41 5e 5d c3 66 90 45 31 e4 5b
0x00007f7f5dff8894:   4c 89 e0 41 5c 41 5d 41 5e 5d c3 90 f3 0f 1e fa
0x00007f7f5dff88a4:   55 48 89 e5 41 55 41 54 41 89 f4 53 48 83 ec 08
0x00007f7f5dff88b4:   48 8b 5f 10 8b 47 20 4c 8d 2c c3 4c 39 eb 72 15


Stack slot to memory mapping:

stack at sp + 0 slots: 0x00007f7f5d7f387e: <offset 0x00000000004c987e> in /usr/lib/jvm/java-21-openjdk-amd64/lib/server/libjvm.so at 0x00007f7f5d32a000
stack at sp + 1 slots: 0x00007f7f3d38a340 is pointing into the stack for thread: 0x00007f7f5810a6f0
stack at sp + 2 slots: 0x00007f7ea8d73230 points into unknown readable memory: 0x00007f7f5802e080 | 80 e0 02 58 7f 7f 00 00
stack at sp + 3 slots: 0x00007f7f3d38a380 is pointing into the stack for thread: 0x00007f7f5810a6f0
stack at sp + 4 slots: 0x00007f7ea44fba90 points into unknown readable memory: 0x00007f7ea44fb7d0 | d0 b7 4f a4 7e 7f 00 00
stack at sp + 5 slots: 0x00007f7ea80039f8 points into unknown readable memory: 0x00007f7f5e7c6cc8 | c8 6c 7c 5e 7f 7f 00 00
stack at sp + 6 slots: 0x00007f7ea44fba90 points into unknown readable memory: 0x00007f7ea44fb7d0 | d0 b7 4f a4 7e 7f 00 00
stack at sp + 7 slots: 0x00007f7ea843deb8 points into unknown readable memory: 0x00007f7f5e7c6e98 | 98 6e 7c 5e 7f 7f 00 00


---------------  P R O C E S S  ---------------

Threads class SMR info:
_java_thread_list=0x00007f7e68400d30, length=16, elements={
0x00007f7f5801dec0, 0x00007f7f58103280, 0x00007f7f58104800, 0x00007f7f58105fa0,
0x00007f7f581075f0, 0x00007f7f58108ba0, 0x00007f7f5810a6f0, 0x00007f7f5810bdc0,
0x00007f7f58154270, 0x00007f7f581569b0, 0x00007f7f585e1d20, 0x00007f7f585f7cd0,
0x00007f7f585f8a00, 0x00007f7f5880dad0, 0x00007f7e7608f330, 0x00007f7e766d4010
}

Java Threads: ( => current thread )
  0x00007f7f5801dec0 JavaThread "Test worker"                       [_thread_blocked, id=284130, stack(0x00007f7f5ce95000,0x00007f7f5cf95000) (1024K)]
  0x00007f7f58103280 JavaThread "Reference Handler"          daemon [_thread_blocked, id=284219, stack(0x00007f7f3d790000,0x00007f7f3d890000) (1024K)]
  0x00007f7f58104800 JavaThread "Finalizer"                  daemon [_thread_blocked, id=284220, stack(0x00007f7f3d690000,0x00007f7f3d790000) (1024K)]
  0x00007f7f58105fa0 JavaThread "Signal Dispatcher"          daemon [_thread_blocked, id=284222, stack(0x00007f7f3d590000,0x00007f7f3d690000) (1024K)]
  0x00007f7f581075f0 JavaThread "Service Thread"             daemon [_thread_blocked, id=284223, stack(0x00007f7f3d490000,0x00007f7f3d590000) (1024K)]
  0x00007f7f58108ba0 JavaThread "Monitor Deflation Thread"   daemon [_thread_blocked, id=284224, stack(0x00007f7f3d390000,0x00007f7f3d490000) (1024K)]
=>0x00007f7f5810a6f0 JavaThread "C2 CompilerThread0"         daemon [_thread_in_native, id=284228, stack(0x00007f7f3d290000,0x00007f7f3d390000) (1024K)]
  0x00007f7f5810bdc0 JavaThread "C1 CompilerThread0"         daemon [_thread_blocked, id=284232, stack(0x00007f7f3d190000,0x00007f7f3d290000) (1024K)]
  0x00007f7f58154270 JavaThread "Notification Thread"        daemon [_thread_blocked, id=284260, stack(0x00007f7f3cfbf000,0x00007f7f3d0bf000) (1024K)]
  0x00007f7f581569b0 JavaThread "Common-Cleaner"             daemon [_thread_blocked, id=284261, stack(0x00007f7f3cebf000,0x00007f7f3cfbf000) (1024K)]
  0x00007f7f585e1d20 JavaThread "/127.0.0.1:47528 to /127.0.0.1:33091 workers"        [_thread_blocked, id=284620, stack(0x00007f7f3cb22000,0x00007f7f3cc22000) (1024K)]
  0x00007f7f585f7cd0 JavaThread "/127.0.0.1:47528 to /127.0.0.1:33091 workers Thread 2"        [_thread_blocked, id=284640, stack(0x00007f7f3ca22000,0x00007f7f3cb22000) (1024K)]
  0x00007f7f585f8a00 JavaThread "/127.0.0.1:47528 to /127.0.0.1:33091 workers Thread 3"        [_thread_in_native, id=284641, stack(0x00007f7f3c922000,0x00007f7f3ca22000) (1024K)]
  0x00007f7f5880dad0 JavaThread "SDK 34 Main Thread"                [_thread_in_Java, id=284911, stack(0x00007f7f3c822000,0x00007f7f3c922000) (1024K)]
  0x00007f7e7608f330 JavaThread "Cleaner-0"                  daemon [_thread_blocked, id=287623, stack(0x00007f7f3c521000,0x00007f7f3c621000) (1024K)]
  0x00007f7e766d4010 JavaThread "queued-work-looper"                [_thread_blocked, id=288417, stack(0x00007f7f3c421000,0x00007f7f3c521000) (1024K)]
Total: 16

Other Threads:
  0x00007f7f580f7450 VMThread "VM Thread"                           [id=284213, stack(0x00007f7f3db7c000,0x00007f7f3dc7c000) (1024K)] _threads_hazard_ptr=0x00007f7e68400d30
  0x00007f7f580e56b0 WatcherThread "VM Periodic Task Thread"        [id=284207, stack(0x00007f7f3dc7d000,0x00007f7f3dd7d000) (1024K)]
  0x00007f7f58049740 WorkerThread "GC Thread#0"                     [id=284154, stack(0x00007f7f5c571000,0x00007f7f5c671000) (1024K)]
  0x00007f7ecc006950 WorkerThread "GC Thread#1"                     [id=284507, stack(0x00007f7f3cda0000,0x00007f7f3cea0000) (1024K)]
  0x00007f7ecc007480 WorkerThread "GC Thread#2"                     [id=284508, stack(0x00007f7f3cc9f000,0x00007f7f3cd9f000) (1024K)]
  0x00007f7ecc009ed0 WorkerThread "GC Thread#3"                     [id=284680, stack(0x00007f7f3c722000,0x00007f7f3c822000) (1024K)]
  0x00007f7f5804ed50 ConcurrentGCThread "G1 Main Marker"            [id=284155, stack(0x00007f7f5c470000,0x00007f7f5c570000) (1024K)]
  0x00007f7f5804fd00 WorkerThread "G1 Conc#0"                       [id=284158, stack(0x00007f7f5c36f000,0x00007f7f5c46f000) (1024K)]
  0x00007f7f580d3aa0 ConcurrentGCThread "G1 Refine#0"               [id=284163, stack(0x00007f7f3df00000,0x00007f7f3e000000) (1024K)]
  0x00007f7f580d4a70 ConcurrentGCThread "G1 Service"                [id=284164, stack(0x00007f7f3ddff000,0x00007f7f3deff000) (1024K)]
Total: 10

Threads with active compile tasks:
C2 CompilerThread0  39008 9533 %     4       com.bas080.autosleepdroid.EventLogger::persistLogs @ 18 (90 bytes)
Total: 1

VM state: synchronizing (normal execution)

VM Mutex/Monitor currently owned by a thread:  ([mutex/lock_event])
[0x00007f7f5e851eb8] Threads_lock - owner thread: 0x00007f7f580f7450

Heap address: 0x00000000e0000000, size: 512 MB, Compressed Oops mode: 32-bit

CDS archive(s) mapped at: [0x00007f7edf000000-0x00007f7edfc9c000-0x00007f7edfc9c000), size 13221888, SharedBaseAddress: 0x00007f7edf000000, ArchiveRelocationMode: 1.
Compressed class space mapped at: 0x00007f7ee0000000-0x00007f7f20000000, reserved size: 1073741824
Narrow klass base: 0x00007f7edf000000, Narrow klass shift: 0, Narrow klass range: 0x100000000

GC Precious Log:
 CardTable entry size: 512
 Card Set container configuration: InlinePtr #cards 5 size 8 Array Of Cards #cards 12 size 40 Howl #buckets 4 coarsen threshold 1843 Howl Bitmap #cards 512 size 80 coarsen threshold 460 Card regions per heap region 1 cards per card region 2048
 CPUs: 4 total, 4 available
 Memory: 7959M
 Large Page Support: Disabled
 NUMA Support: Disabled
 Compressed Oops: Enabled (32-bit)
 Heap Region Size: 1M
 Heap Min Capacity: 8M
 Heap Initial Capacity: 126M
 Heap Max Capacity: 512M
 Pre-touch: Disabled
 Parallel Workers: 4
 Concurrent Workers: 1
 Concurrent Refinement Workers: 4
 Periodic GC: Disabled

Heap:
 garbage-first heap   total 167936K, used 144597K [0x00000000e0000000, 0x0000000100000000)
  region size 1024K, 50 young (51200K), 6 survivors (6144K)
 Metaspace       used 77543K, committed 84032K, reserved 1179648K
  class space    used 7851K, committed 10752K, reserved 1048576K

Heap Regions: E=young(eden), S=young(survivor), O=old, HS=humongous(starts), HC=humongous(continues), CS=collection set, F=free, TAMS=top-at-mark-start, PB=parsable bottom
|   0|0x00000000e0000000, 0x00000000e0100000, 0x00000000e0100000|100%|HS|  |TAMS 0x00000000e0000000| PB 0x00000000e0000000| Complete
|   1|0x00000000e0100000, 0x00000000e0200000, 0x00000000e0200000|100%| O|  |TAMS 0x00000000e0100000| PB 0x00000000e0100000| Untracked
|   2|0x00000000e0200000, 0x00000000e0300000, 0x00000000e0300000|100%| O|  |TAMS 0x00000000e0200000| PB 0x00000000e0200000| Untracked
|   3|0x00000000e0300000, 0x00000000e0400000, 0x00000000e0400000|100%| O|  |TAMS 0x00000000e0300000| PB 0x00000000e0300000| Untracked
|   4|0x00000000e0400000, 0x00000000e0500000, 0x00000000e0500000|100%| O|  |TAMS 0x00000000e0400000| PB 0x00000000e0400000| Untracked
|   5|0x00000000e0500000, 0x00000000e0600000, 0x00000000e0600000|100%| O|  |TAMS 0x00000000e0500000| PB 0x00000000e0500000| Untracked
|   6|0x00000000e0600000, 0x00000000e0700000, 0x00000000e0700000|100%| O|  |TAMS 0x00000000e0600000| PB 0x00000000e0600000| Untracked
|   7|0x00000000e0700000, 0x00000000e0800000, 0x00000000e0800000|100%|HS|  |TAMS 0x00000000e0700000| PB 0x00000000e0700000| Complete
|   8|0x00000000e0800000, 0x00000000e0900000, 0x00000000e0900000|100%|HC|  |TAMS 0x00000000e0800000| PB 0x00000000e0800000| Complete
|   9|0x00000000e0900000, 0x00000000e0a00000, 0x00000000e0a00000|100%|HC|  |TAMS 0x00000000e0900000| PB 0x00000000e0900000| Complete
|  10|0x00000000e0a00000, 0x00000000e0b00000, 0x00000000e0b00000|100%|HC|  |TAMS 0x00000000e0a00000| PB 0x00000000e0a00000| Complete
|  11|0x00000000e0b00000, 0x00000000e0c00000, 0x00000000e0c00000|100%|HC|  |TAMS 0x00000000e0b00000| PB 0x00000000e0b00000| Complete
|  12|0x00000000e0c00000, 0x00000000e0d00000, 0x00000000e0d00000|100%|HC|  |TAMS 0x00000000e0c00000| PB 0x00000000e0c00000| Complete
|  13|0x00000000e0d00000, 0x00000000e0e00000, 0x00000000e0e00000|100%|HC|  |TAMS 0x00000000e0d00000| PB 0x00000000e0d00000| Complete
|  14|0x00000000e0e00000, 0x00000000e0f00000, 0x00000000e0f00000|100%|HS|  |TAMS 0x00000000e0e00000| PB 0x00000000e0e00000| Complete
|  15|0x00000000e0f00000, 0x00000000e1000000, 0x00000000e1000000|100%|HS|  |TAMS 0x00000000e0f00000| PB 0x00000000e0f00000| Complete
|  16|0x00000000e1000000, 0x00000000e1100000, 0x00000000e1100000|100%| O|  |TAMS 0x00000000e1000000| PB 0x00000000e1000000| Untracked
|  17|0x00000000e1100000, 0x00000000e1200000, 0x00000000e1200000|100%| O|  |TAMS 0x00000000e1100000| PB 0x00000000e1100000| Untracked
|  18|0x00000000e1200000, 0x00000000e1300000, 0x00000000e1300000|100%| O|  |TAMS 0x00000000e1200000| PB 0x00000000e1200000| Untracked
|  19|0x00000000e1300000, 0x00000000e1400000, 0x00000000e1400000|100%| O|  |TAMS 0x00000000e1300000| PB 0x00000000e1300000| Untracked
|  20|0x00000000e1400000, 0x00000000e1500000, 0x00000000e1500000|100%| O|  |TAMS 0x00000000e1400000| PB 0x00000000e1400000| Untracked
|  21|0x00000000e1500000, 0x00000000e1600000, 0x00000000e1600000|100%| O|  |TAMS 0x00000000e1500000| PB 0x00000000e1500000| Untracked
|  22|0x00000000e1600000, 0x00000000e1700000, 0x00000000e1700000|100%| O|  |TAMS 0x00000000e1600000| PB 0x00000000e1600000| Untracked
|  23|0x00000000e1700000, 0x00000000e1800000, 0x00000000e1800000|100%| O|  |TAMS 0x00000000e1700000| PB 0x00000000e1700000| Untracked
|  24|0x00000000e1800000, 0x00000000e1900000, 0x00000000e1900000|100%| O|  |TAMS 0x00000000e1800000| PB 0x00000000e1800000| Untracked
|  25|0x00000000e1900000, 0x00000000e1a00000, 0x00000000e1a00000|100%| O|  |TAMS 0x00000000e1900000| PB 0x00000000e1900000| Untracked
|  26|0x00000000e1a00000, 0x00000000e1b00000, 0x00000000e1b00000|100%| O|  |TAMS 0x00000000e1a00000| PB 0x00000000e1a00000| Untracked
|  27|0x00000000e1b00000, 0x00000000e1c00000, 0x00000000e1c00000|100%| O|  |TAMS 0x00000000e1b00000| PB 0x00000000e1b00000| Untracked
|  28|0x00000000e1c00000, 0x00000000e1d00000, 0x00000000e1d00000|100%| O|  |TAMS 0x00000000e1c00000| PB 0x00000000e1c00000| Untracked
|  29|0x00000000e1d00000, 0x00000000e1e00000, 0x00000000e1e00000|100%| O|  |TAMS 0x00000000e1d00000| PB 0x00000000e1d00000| Untracked
|  30|0x00000000e1e00000, 0x00000000e1f00000, 0x00000000e1f00000|100%| O|  |TAMS 0x00000000e1e00000| PB 0x00000000e1e00000| Untracked
|  31|0x00000000e1f00000, 0x00000000e2000000, 0x00000000e2000000|100%| O|  |TAMS 0x00000000e1f00000| PB 0x00000000e1f00000| Untracked
|  32|0x00000000e2000000, 0x00000000e2100000, 0x00000000e2100000|100%|HS|  |TAMS 0x00000000e2000000| PB 0x00000000e2000000| Complete
|  33|0x00000000e2100000, 0x00000000e2200000, 0x00000000e2200000|100%|HS|  |TAMS 0x00000000e2100000| PB 0x00000000e2100000| Complete
|  34|0x00000000e2200000, 0x00000000e2300000, 0x00000000e2300000|100%|HC|  |TAMS 0x00000000e2200000| PB 0x00000000e2200000| Complete
|  35|0x00000000e2300000, 0x00000000e2400000, 0x00000000e2400000|100%|HC|  |TAMS 0x00000000e2300000| PB 0x00000000e2300000| Complete
|  36|0x00000000e2400000, 0x00000000e2500000, 0x00000000e2500000|100%|HC|  |TAMS 0x00000000e2400000| PB 0x00000000e2400000| Complete
|  37|0x00000000e2500000, 0x00000000e2600000, 0x00000000e2600000|100%|HC|  |TAMS 0x00000000e2500000| PB 0x00000000e2500000| Complete
|  38|0x00000000e2600000, 0x00000000e2700000, 0x00000000e2700000|100%|HC|  |TAMS 0x00000000e2600000| PB 0x00000000e2600000| Complete
|  39|0x00000000e2700000, 0x00000000e2800000, 0x00000000e2800000|100%|HC|  |TAMS 0x00000000e2700000| PB 0x00000000e2700000| Complete
|  40|0x00000000e2800000, 0x00000000e2900000, 0x00000000e2900000|100%|HC|  |TAMS 0x00000000e2800000| PB 0x00000000e2800000| Complete
|  41|0x00000000e2900000, 0x00000000e2a00000, 0x00000000e2a00000|100%|HC|  |TAMS 0x00000000e2900000| PB 0x00000000e2900000| Complete
|  42|0x00000000e2a00000, 0x00000000e2b00000, 0x00000000e2b00000|100%|HC|  |TAMS 0x00000000e2a00000| PB 0x00000000e2a00000| Complete
|  43|0x00000000e2b00000, 0x00000000e2c00000, 0x00000000e2c00000|100%|HC|  |TAMS 0x00000000e2b00000| PB 0x00000000e2b00000| Complete
|  44|0x00000000e2c00000, 0x00000000e2d00000, 0x00000000e2d00000|100%|HC|  |TAMS 0x00000000e2c00000| PB 0x00000000e2c00000| Complete
|  45|0x00000000e2d00000, 0x00000000e2e00000, 0x00000000e2e00000|100%|HC|  |TAMS 0x00000000e2d00000| PB 0x00000000e2d00000| Complete
|  46|0x00000000e2e00000, 0x00000000e2f00000, 0x00000000e2f00000|100%|HC|  |TAMS 0x00000000e2e00000| PB 0x00000000e2e00000| Complete
|  47|0x00000000e2f00000, 0x00000000e3000000, 0x00000000e3000000|100%|HC|  |TAMS 0x00000000e2f00000| PB 0x00000000e2f00000| Complete
|  48|0x00000000e3000000, 0x00000000e3100000, 0x00000000e3100000|100%|HC|  |TAMS 0x00000000e3000000| PB 0x00000000e3000000| Complete
|  49|0x00000000e3100000, 0x00000000e3200000, 0x00000000e3200000|100%| O|  |TAMS 0x00000000e3100000| PB 0x00000000e3100000| Untracked
|  50|0x00000000e3200000, 0x00000000e3300000, 0x00000000e3300000|100%| O|  |TAMS 0x00000000e3200000| PB 0x00000000e3200000| Untracked
|  51|0x00000000e3300000, 0x00000000e3400000, 0x00000000e3400000|100%| O|  |TAMS 0x00000000e3300000| PB 0x00000000e3300000| Untracked
|  52|0x00000000e3400000, 0x00000000e3500000, 0x00000000e3500000|100%| O|  |TAMS 0x00000000e3400000| PB 0x00000000e3400000| Untracked
|  53|0x00000000e3500000, 0x00000000e3600000, 0x00000000e3600000|100%| O|  |TAMS 0x00000000e3500000| PB 0x00000000e3500000| Untracked
|  54|0x00000000e3600000, 0x00000000e3700000, 0x00000000e3700000|100%| O|  |TAMS 0x00000000e3600000| PB 0x00000000e3600000| Untracked
|  55|0x00000000e3700000, 0x00000000e3800000, 0x00000000e3800000|100%| O|  |TAMS 0x00000000e3700000| PB 0x00000000e3700000| Untracked
|  56|0x00000000e3800000, 0x00000000e3900000, 0x00000000e3900000|100%| O|  |TAMS 0x00000000e3800000| PB 0x00000000e3800000| Untracked
|  57|0x00000000e3900000, 0x00000000e3a00000, 0x00000000e3a00000|100%| O|  |TAMS 0x00000000e3900000| PB 0x00000000e3900000| Untracked
|  58|0x00000000e3a00000, 0x00000000e3b00000, 0x00000000e3b00000|100%| O|  |TAMS 0x00000000e3a00000| PB 0x00000000e3a00000| Untracked
|  59|0x00000000e3b00000, 0x00000000e3b00000, 0x00000000e3c00000|  0%| F|  |TAMS 0x00000000e3b00000| PB 0x00000000e3b00000| Untracked
|  60|0x00000000e3c00000, 0x00000000e3d00000, 0x00000000e3d00000|100%| O|  |TAMS 0x00000000e3c00000| PB 0x00000000e3c00000| Untracked
|  61|0x00000000e3d00000, 0x00000000e3e00000, 0x00000000e3e00000|100%| O|  |TAMS 0x00000000e3d00000| PB 0x00000000e3d00000| Untracked
|  62|0x00000000e3e00000, 0x00000000e3e00000, 0x00000000e3f00000|  0%| F|  |TAMS 0x00000000e3e00000| PB 0x00000000e3e00000| Untracked
|  63|0x00000000e3f00000, 0x00000000e4000000, 0x00000000e4000000|100%| O|  |TAMS 0x00000000e3f00000| PB 0x00000000e3f00000| Untracked
|  64|0x00000000e4000000, 0x00000000e4100000, 0x00000000e4100000|100%| O|  |TAMS 0x00000000e4000000| PB 0x00000000e4000000| Untracked
|  65|0x00000000e4100000, 0x00000000e4200000, 0x00000000e4200000|100%| O|  |TAMS 0x00000000e4100000| PB 0x00000000e4100000| Untracked
|  66|0x00000000e4200000, 0x00000000e4300000, 0x00000000e4300000|100%| O|  |TAMS 0x00000000e4200000| PB 0x00000000e4200000| Untracked
|  67|0x00000000e4300000, 0x00000000e4400000, 0x00000000e4400000|100%| O|  |TAMS 0x00000000e4300000| PB 0x00000000e4300000| Untracked
|  68|0x00000000e4400000, 0x00000000e4500000, 0x00000000e4500000|100%| O|  |TAMS 0x00000000e4400000| PB 0x00000000e4400000| Untracked
|  69|0x00000000e4500000, 0x00000000e4600000, 0x00000000e4600000|100%| O|  |TAMS 0x00000000e4500000| PB 0x00000000e4500000| Untracked
|  70|0x00000000e4600000, 0x00000000e4700000, 0x00000000e4700000|100%| O|  |TAMS 0x00000000e4600000| PB 0x00000000e4600000| Untracked
|  71|0x00000000e4700000, 0x00000000e4800000, 0x00000000e4800000|100%| O|  |TAMS 0x00000000e4700000| PB 0x00000000e4700000| Untracked
|  72|0x00000000e4800000, 0x00000000e4900000, 0x00000000e4900000|100%| O|  |TAMS 0x00000000e4800000| PB 0x00000000e4800000| Untracked
|  73|0x00000000e4900000, 0x00000000e4a00000, 0x00000000e4a00000|100%| O|  |TAMS 0x00000000e4900000| PB 0x00000000e4900000| Untracked
|  74|0x00000000e4a00000, 0x00000000e4b00000, 0x00000000e4b00000|100%| O|  |TAMS 0x00000000e4a00000| PB 0x00000000e4a00000| Untracked
|  75|0x00000000e4b00000, 0x00000000e4c00000, 0x00000000e4c00000|100%| O|  |TAMS 0x00000000e4b00000| PB 0x00000000e4b00000| Untracked
|  76|0x00000000e4c00000, 0x00000000e4d00000, 0x00000000e4d00000|100%| O|  |TAMS 0x00000000e4c00000| PB 0x00000000e4c00000| Untracked
|  77|0x00000000e4d00000, 0x00000000e4e00000, 0x00000000e4e00000|100%| O|  |TAMS 0x00000000e4d00000| PB 0x00000000e4d00000| Untracked
|  78|0x00000000e4e00000, 0x00000000e4f00000, 0x00000000e4f00000|100%| O|  |TAMS 0x00000000e4e00000| PB 0x00000000e4e00000| Untracked
|  79|0x00000000e4f00000, 0x00000000e5000000, 0x00000000e5000000|100%| O|  |TAMS 0x00000000e4f00000| PB 0x00000000e4f00000| Untracked
|  80|0x00000000e5000000, 0x00000000e5100000, 0x00000000e5100000|100%| O|  |TAMS 0x00000000e5000000| PB 0x00000000e5000000| Untracked
|  81|0x00000000e5100000, 0x00000000e5200000, 0x00000000e5200000|100%| O|  |TAMS 0x00000000e5100000| PB 0x00000000e5100000| Untracked
|  82|0x00000000e5200000, 0x00000000e5300000, 0x00000000e5300000|100%| O|  |TAMS 0x00000000e5200000| PB 0x00000000e5200000| Untracked
|  83|0x00000000e5300000, 0x00000000e5400000, 0x00000000e5400000|100%| O|  |TAMS 0x00000000e5300000| PB 0x00000000e5300000| Untracked
|  84|0x00000000e5400000, 0x00000000e5500000, 0x00000000e5500000|100%| O|  |TAMS 0x00000000e5400000| PB 0x00000000e5400000| Untracked
|  85|0x00000000e5500000, 0x00000000e5600000, 0x00000000e5600000|100%| O|  |TAMS 0x00000000e5500000| PB 0x00000000e5500000| Untracked
|  86|0x00000000e5600000, 0x00000000e5700000, 0x00000000e5700000|100%| O|  |TAMS 0x00000000e5600000| PB 0x00000000e5600000| Untracked
|  87|0x00000000e5700000, 0x00000000e5800000, 0x00000000e5800000|100%| O|  |TAMS 0x00000000e5700000| PB 0x00000000e5700000| Untracked
|  88|0x00000000e5800000, 0x00000000e5900000, 0x00000000e5900000|100%| O|  |TAMS 0x00000000e5800000| PB 0x00000000e5800000| Untracked
|  89|0x00000000e5900000, 0x00000000e59d5200, 0x00000000e5a00000| 83%| O|  |TAMS 0x00000000e5900000| PB 0x00000000e5900000| Untracked
|  90|0x00000000e5a00000, 0x00000000e5a00000, 0x00000000e5b00000|  0%| F|  |TAMS 0x00000000e5a00000| PB 0x00000000e5a00000| Untracked
|  91|0x00000000e5b00000, 0x00000000e5b00000, 0x00000000e5c00000|  0%| F|  |TAMS 0x00000000e5b00000| PB 0x00000000e5b00000| Untracked
|  92|0x00000000e5c00000, 0x00000000e5c00000, 0x00000000e5d00000|  0%| F|  |TAMS 0x00000000e5c00000| PB 0x00000000e5c00000| Untracked
|  93|0x00000000e5d00000, 0x00000000e5d00000, 0x00000000e5e00000|  0%| F|  |TAMS 0x00000000e5d00000| PB 0x00000000e5d00000| Untracked
|  94|0x00000000e5e00000, 0x00000000e5e60300, 0x00000000e5f00000| 37%| S|CS|TAMS 0x00000000e5e00000| PB 0x00000000e5e00000| Complete
|  95|0x00000000e5f00000, 0x00000000e6000000, 0x00000000e6000000|100%| S|CS|TAMS 0x00000000e5f00000| PB 0x00000000e5f00000| Complete
|  96|0x00000000e6000000, 0x00000000e6100000, 0x00000000e6100000|100%| S|CS|TAMS 0x00000000e6000000| PB 0x00000000e6000000| Complete
|  97|0x00000000e6100000, 0x00000000e6200000, 0x00000000e6200000|100%| S|CS|TAMS 0x00000000e6100000| PB 0x00000000e6100000| Complete
|  98|0x00000000e6200000, 0x00000000e6300000, 0x00000000e6300000|100%| S|CS|TAMS 0x00000000e6200000| PB 0x00000000e6200000| Complete
|  99|0x00000000e6300000, 0x00000000e6300000, 0x00000000e6400000|  0%| F|  |TAMS 0x00000000e6300000| PB 0x00000000e6300000| Untracked
| 100|0x00000000e6400000, 0x00000000e6400000, 0x00000000e6500000|  0%| F|  |TAMS 0x00000000e6400000| PB 0x00000000e6400000| Untracked
| 101|0x00000000e6500000, 0x00000000e6600000, 0x00000000e6600000|100%| S|CS|TAMS 0x00000000e6500000| PB 0x00000000e6500000| Complete
| 102|0x00000000e6600000, 0x00000000e6600000, 0x00000000e6700000|  0%| F|  |TAMS 0x00000000e6600000| PB 0x00000000e6600000| Untracked
| 103|0x00000000e6700000, 0x00000000e6700000, 0x00000000e6800000|  0%| F|  |TAMS 0x00000000e6700000| PB 0x00000000e6700000| Untracked
| 104|0x00000000e6800000, 0x00000000e6800000, 0x00000000e6900000|  0%| F|  |TAMS 0x00000000e6800000| PB 0x00000000e6800000| Untracked
| 105|0x00000000e6900000, 0x00000000e6900000, 0x00000000e6a00000|  0%| F|  |TAMS 0x00000000e6900000| PB 0x00000000e6900000| Untracked
| 106|0x00000000e6a00000, 0x00000000e6a00000, 0x00000000e6b00000|  0%| F|  |TAMS 0x00000000e6a00000| PB 0x00000000e6a00000| Untracked
| 107|0x00000000e6b00000, 0x00000000e6b00000, 0x00000000e6c00000|  0%| F|  |TAMS 0x00000000e6b00000| PB 0x00000000e6b00000| Untracked
| 108|0x00000000e6c00000, 0x00000000e6c00000, 0x00000000e6d00000|  0%| F|  |TAMS 0x00000000e6c00000| PB 0x00000000e6c00000| Untracked
| 109|0x00000000e6d00000, 0x00000000e6d00000, 0x00000000e6e00000|  0%| F|  |TAMS 0x00000000e6d00000| PB 0x00000000e6d00000| Untracked
| 110|0x00000000e6e00000, 0x00000000e6e00000, 0x00000000e6f00000|  0%| F|  |TAMS 0x00000000e6e00000| PB 0x00000000e6e00000| Untracked
| 111|0x00000000e6f00000, 0x00000000e6f00000, 0x00000000e7000000|  0%| F|  |TAMS 0x00000000e6f00000| PB 0x00000000e6f00000| Untracked
| 112|0x00000000e7000000, 0x00000000e7000000, 0x00000000e7100000|  0%| F|  |TAMS 0x00000000e7000000| PB 0x00000000e7000000| Untracked
| 113|0x00000000e7100000, 0x00000000e7100000, 0x00000000e7200000|  0%| F|  |TAMS 0x00000000e7100000| PB 0x00000000e7100000| Untracked
| 114|0x00000000e7200000, 0x00000000e7200000, 0x00000000e7300000|  0%| F|  |TAMS 0x00000000e7200000| PB 0x00000000e7200000| Untracked
| 115|0x00000000e7300000, 0x00000000e7380000, 0x00000000e7400000| 50%| E|  |TAMS 0x00000000e7300000| PB 0x00000000e7300000| Complete
| 116|0x00000000e7400000, 0x00000000e7500000, 0x00000000e7500000|100%| E|CS|TAMS 0x00000000e7400000| PB 0x00000000e7400000| Complete
| 117|0x00000000e7500000, 0x00000000e7600000, 0x00000000e7600000|100%| E|CS|TAMS 0x00000000e7500000| PB 0x00000000e7500000| Complete
| 118|0x00000000e7600000, 0x00000000e7700000, 0x00000000e7700000|100%| E|CS|TAMS 0x00000000e7600000| PB 0x00000000e7600000| Complete
| 119|0x00000000e7700000, 0x00000000e7800000, 0x00000000e7800000|100%| E|CS|TAMS 0x00000000e7700000| PB 0x00000000e7700000| Complete
| 120|0x00000000e7800000, 0x00000000e7900000, 0x00000000e7900000|100%| E|CS|TAMS 0x00000000e7800000| PB 0x00000000e7800000| Complete
| 121|0x00000000e7900000, 0x00000000e7a00000, 0x00000000e7a00000|100%| E|CS|TAMS 0x00000000e7900000| PB 0x00000000e7900000| Complete
| 122|0x00000000e7a00000, 0x00000000e7b00000, 0x00000000e7b00000|100%| E|CS|TAMS 0x00000000e7a00000| PB 0x00000000e7a00000| Complete
| 123|0x00000000e7b00000, 0x00000000e7c00000, 0x00000000e7c00000|100%| E|CS|TAMS 0x00000000e7b00000| PB 0x00000000e7b00000| Complete
| 124|0x00000000e7c00000, 0x00000000e7d00000, 0x00000000e7d00000|100%| E|CS|TAMS 0x00000000e7c00000| PB 0x00000000e7c00000| Complete
| 125|0x00000000e7d00000, 0x00000000e7e00000, 0x00000000e7e00000|100%| E|CS|TAMS 0x00000000e7d00000| PB 0x00000000e7d00000| Complete
| 126|0x00000000e7e00000, 0x00000000e7f00000, 0x00000000e7f00000|100%| E|CS|TAMS 0x00000000e7e00000| PB 0x00000000e7e00000| Complete
| 127|0x00000000e7f00000, 0x00000000e8000000, 0x00000000e8000000|100%| E|CS|TAMS 0x00000000e7f00000| PB 0x00000000e7f00000| Complete
| 128|0x00000000e8000000, 0x00000000e8100000, 0x00000000e8100000|100%| E|CS|TAMS 0x00000000e8000000| PB 0x00000000e8000000| Complete
| 129|0x00000000e8100000, 0x00000000e8200000, 0x00000000e8200000|100%| E|CS|TAMS 0x00000000e8100000| PB 0x00000000e8100000| Complete
| 130|0x00000000e8200000, 0x00000000e8300000, 0x00000000e8300000|100%| E|CS|TAMS 0x00000000e8200000| PB 0x00000000e8200000| Complete
| 131|0x00000000e8300000, 0x00000000e8400000, 0x00000000e8400000|100%| E|CS|TAMS 0x00000000e8300000| PB 0x00000000e8300000| Complete
| 132|0x00000000e8400000, 0x00000000e8500000, 0x00000000e8500000|100%| E|CS|TAMS 0x00000000e8400000| PB 0x00000000e8400000| Complete
| 133|0x00000000e8500000, 0x00000000e8600000, 0x00000000e8600000|100%| E|CS|TAMS 0x00000000e8500000| PB 0x00000000e8500000| Complete
| 134|0x00000000e8600000, 0x00000000e8700000, 0x00000000e8700000|100%| E|CS|TAMS 0x00000000e8600000| PB 0x00000000e8600000| Complete
| 135|0x00000000e8700000, 0x00000000e8800000, 0x00000000e8800000|100%| E|CS|TAMS 0x00000000e8700000| PB 0x00000000e8700000| Complete
| 136|0x00000000e8800000, 0x00000000e8900000, 0x00000000e8900000|100%| E|CS|TAMS 0x00000000e8800000| PB 0x00000000e8800000| Complete
| 137|0x00000000e8900000, 0x00000000e8a00000, 0x00000000e8a00000|100%| E|CS|TAMS 0x00000000e8900000| PB 0x00000000e8900000| Complete
| 138|0x00000000e8a00000, 0x00000000e8b00000, 0x00000000e8b00000|100%| E|CS|TAMS 0x00000000e8a00000| PB 0x00000000e8a00000| Complete
| 139|0x00000000e8b00000, 0x00000000e8c00000, 0x00000000e8c00000|100%| E|CS|TAMS 0x00000000e8b00000| PB 0x00000000e8b00000| Complete
| 140|0x00000000e8c00000, 0x00000000e8d00000, 0x00000000e8d00000|100%| E|CS|TAMS 0x00000000e8c00000| PB 0x00000000e8c00000| Complete
| 141|0x00000000e8d00000, 0x00000000e8e00000, 0x00000000e8e00000|100%| E|CS|TAMS 0x00000000e8d00000| PB 0x00000000e8d00000| Complete
| 142|0x00000000e8e00000, 0x00000000e8f00000, 0x00000000e8f00000|100%| E|CS|TAMS 0x00000000e8e00000| PB 0x00000000e8e00000| Complete
| 143|0x00000000e8f00000, 0x00000000e9000000, 0x00000000e9000000|100%| E|CS|TAMS 0x00000000e8f00000| PB 0x00000000e8f00000| Complete
| 144|0x00000000e9000000, 0x00000000e9100000, 0x00000000e9100000|100%| E|CS|TAMS 0x00000000e9000000| PB 0x00000000e9000000| Complete
| 145|0x00000000e9100000, 0x00000000e9200000, 0x00000000e9200000|100%| E|CS|TAMS 0x00000000e9100000| PB 0x00000000e9100000| Complete
| 146|0x00000000e9200000, 0x00000000e9300000, 0x00000000e9300000|100%| E|CS|TAMS 0x00000000e9200000| PB 0x00000000e9200000| Complete
| 147|0x00000000e9300000, 0x00000000e9400000, 0x00000000e9400000|100%| E|CS|TAMS 0x00000000e9300000| PB 0x00000000e9300000| Complete
| 148|0x00000000e9400000, 0x00000000e9500000, 0x00000000e9500000|100%| E|CS|TAMS 0x00000000e9400000| PB 0x00000000e9400000| Complete
| 149|0x00000000e9500000, 0x00000000e9600000, 0x00000000e9600000|100%| E|CS|TAMS 0x00000000e9500000| PB 0x00000000e9500000| Complete
| 150|0x00000000e9600000, 0x00000000e9700000, 0x00000000e9700000|100%| E|CS|TAMS 0x00000000e9600000| PB 0x00000000e9600000| Complete
| 151|0x00000000e9700000, 0x00000000e9800000, 0x00000000e9800000|100%| E|CS|TAMS 0x00000000e9700000| PB 0x00000000e9700000| Complete
| 152|0x00000000e9800000, 0x00000000e9900000, 0x00000000e9900000|100%| E|CS|TAMS 0x00000000e9800000| PB 0x00000000e9800000| Complete
| 153|0x00000000e9900000, 0x00000000e9a00000, 0x00000000e9a00000|100%| E|CS|TAMS 0x00000000e9900000| PB 0x00000000e9900000| Complete
| 154|0x00000000e9a00000, 0x00000000e9b00000, 0x00000000e9b00000|100%| E|CS|TAMS 0x00000000e9a00000| PB 0x00000000e9a00000| Complete
| 155|0x00000000e9b00000, 0x00000000e9c00000, 0x00000000e9c00000|100%| E|CS|TAMS 0x00000000e9b00000| PB 0x00000000e9b00000| Complete
| 504|0x00000000ff800000, 0x00000000ff900000, 0x00000000ff900000|100%| O|  |TAMS 0x00000000ff800000| PB 0x00000000ff800000| Untracked
| 505|0x00000000ff900000, 0x00000000ffa00000, 0x00000000ffa00000|100%| O|  |TAMS 0x00000000ff900000| PB 0x00000000ff900000| Untracked
| 506|0x00000000ffa00000, 0x00000000ffb00000, 0x00000000ffb00000|100%| E|CS|TAMS 0x00000000ffa00000| PB 0x00000000ffa00000| Complete
| 507|0x00000000ffb00000, 0x00000000ffc00000, 0x00000000ffc00000|100%| O|  |TAMS 0x00000000ffb00000| PB 0x00000000ffb00000| Untracked
| 508|0x00000000ffc00000, 0x00000000ffd00000, 0x00000000ffd00000|100%| E|CS|TAMS 0x00000000ffc00000| PB 0x00000000ffc00000| Complete
| 509|0x00000000ffd00000, 0x00000000ffe00000, 0x00000000ffe00000|100%| O|  |TAMS 0x00000000ffd00000| PB 0x00000000ffd00000| Untracked
| 510|0x00000000ffe00000, 0x00000000fff00000, 0x00000000fff00000|100%| O|  |TAMS 0x00000000ffe00000| PB 0x00000000ffe00000| Untracked
| 511|0x00000000fff00000, 0x0000000100000000, 0x0000000100000000|100%| E|CS|TAMS 0x00000000fff00000| PB 0x00000000fff00000| Complete

Card table byte_map: [0x00007f7f5c683000,0x00007f7f5c783000] _byte_map_base: 0x00007f7f5bf83000

Marking Bits: (CMBitMap*) 0x00007f7f5804a280
 Bits: [0x00007f7f40000000, 0x00007f7f40800000)

Polling page: 0x00007f7f5eac8000

Metaspace:

Usage:
  Non-class:     68.06 MB used.
      Class:      7.67 MB used.
       Both:     75.73 MB used.

Virtual space:
  Non-class space:      128.00 MB reserved,      71.56 MB ( 56%) committed,  2 nodes.
      Class space:        1.00 GB reserved,      10.50 MB (  1%) committed,  1 nodes.
             Both:        1.12 GB reserved,      82.06 MB (  7%) committed.

Chunk freelists:
   Non-Class:  7.86 MB
       Class:  5.37 MB
        Both:  13.23 MB

MaxMetaspaceSize: unlimited
CompressedClassSpaceSize: 1.00 GB
Initial GC threshold: 21.00 MB
Current GC threshold: 135.88 MB
CDS: on
 - commit_granule_bytes: 65536.
 - commit_granule_words: 8192.
 - virtual_space_node_default_size: 8388608.
 - enlarge_chunks_in_place: 1.
 - use_allocation_guard: 0.


Internal statistics:

num_allocs_failed_limit: 15.
num_arena_births: 11326.
num_arena_deaths: 0.
num_vsnodes_births: 3.
num_vsnodes_deaths: 0.
num_space_committed: 1307.
num_space_uncommitted: 0.
num_chunks_returned_to_freelist: 15.
num_chunks_taken_from_freelist: 15211.
num_chunk_merges: 15.
num_chunk_splits: 10282.
num_chunks_enlarged: 5974.
num_inconsistent_stats: 0.

CodeHeap 'non-profiled nmethods': size=120032Kb used=5801Kb max_used=5801Kb free=114230Kb
 bounds [0x00007f7f482c8000, 0x00007f7f48878000, 0x00007f7f4f800000]
CodeHeap 'profiled nmethods': size=120028Kb used=21865Kb max_used=21865Kb free=98162Kb
 bounds [0x00007f7f40800000, 0x00007f7f41d60000, 0x00007f7f47d37000]
CodeHeap 'non-nmethods': size=5700Kb used=3067Kb max_used=3124Kb free=2632Kb
 bounds [0x00007f7f47d37000, 0x00007f7f48057000, 0x00007f7f482c8000]
CodeCache: size=245760Kb, used=30733Kb, max_used=30790Kb, free=215024Kb
 total_blobs=10184, nmethods=8320, adapters=1769, full_count=0
Compilation: enabled, stopped_count=0, restarted_count=0

Compilation events (20 events):
Event: 38.529 Thread 0x00007f7f5810bdc0 9547       3       com.android.internal.util.FastXmlSerializer::$$robo$$com_android_internal_util_FastXmlSerializer$setFeature (23 bytes)
Event: 38.529 Thread 0x00007f7f5810bdc0 nmethod 9547 0x00007f7f41d38690 code [0x00007f7f41d38860, 0x00007f7f41d38aa8]
Event: 38.529 Thread 0x00007f7f5810bdc0 9548       3       com.android.internal.util.FastXmlSerializer::endDocument (7 bytes)
Event: 38.531 Thread 0x00007f7f5810bdc0 nmethod 9548 0x00007f7f41d38c10 code [0x00007f7f41d390c0, 0x00007f7f41d3b3e0]
Event: 38.531 Thread 0x00007f7f5810bdc0 9549       3       com.android.internal.util.FastXmlSerializer::$$robo$$com_android_internal_util_FastXmlSerializer$endDocument (5 bytes)
Event: 38.541 Thread 0x00007f7f5810bdc0 nmethod 9549 0x00007f7f41d3c090 code [0x00007f7f41d3c420, 0x00007f7f41d3db20]
Event: 38.541 Thread 0x00007f7f5810bdc0 9550       3       java.nio.ByteBuffer::flip (5 bytes)
Event: 38.541 Thread 0x00007f7f5810bdc0 nmethod 9550 0x00007f7f41d3e310 code [0x00007f7f41d3e4c0, 0x00007f7f41d3e680]
Event: 38.541 Thread 0x00007f7f5810bdc0 9551       3       java.nio.ByteBuffer::clear (5 bytes)
Event: 38.541 Thread 0x00007f7f5810bdc0 nmethod 9551 0x00007f7f41d3e710 code [0x00007f7f41d3e8c0, 0x00007f7f41d3ea80]
Event: 38.556 Thread 0x00007f7f5810bdc0 9552       3       jdk.internal.loader.BuiltinClassLoader::findResources (182 bytes)
Event: 38.560 Thread 0x00007f7f5810bdc0 nmethod 9552 0x00007f7f41d3eb10 code [0x00007f7f41d3ef40, 0x00007f7f41d410d0]
Event: 38.560 Thread 0x00007f7f5810bdc0 9553       3       jdk.internal.loader.BuiltinClassLoader::findResourcesOnClassPath (43 bytes)
Event: 38.560 Thread 0x00007f7f5810bdc0 nmethod 9553 0x00007f7f41d41d10 code [0x00007f7f41d41ee0, 0x00007f7f41d42300]
Event: 38.560 Thread 0x00007f7f5810bdc0 9554       3       jdk.internal.loader.BuiltinClassLoader$1::<init> (28 bytes)
Event: 38.560 Thread 0x00007f7f5810bdc0 nmethod 9554 0x00007f7f41d42490 code [0x00007f7f41d42640, 0x00007f7f41d42988]
Event: 38.561 Thread 0x00007f7f5810bdc0 9555       3       java.lang.invoke.DirectMethodHandle$Holder::newInvokeSpecial (24 bytes)
Event: 38.561 Thread 0x00007f7f5810bdc0 nmethod 9555 0x00007f7f41d42a90 code [0x00007f7f41d42c80, 0x00007f7f41d43350]
Event: 38.561 Thread 0x00007f7f5810bdc0 9556       3       java.util.regex.Pattern$$Lambda/0x80000002a::<init> (15 bytes)
Event: 38.561 Thread 0x00007f7f5810bdc0 nmethod 9556 0x00007f7f41d43510 code [0x00007f7f41d436a0, 0x00007f7f41d43800]

GC Heap History (20 events):
Event: 21.241 GC heap before
{Heap before GC invocations=16 (full 0):
 garbage-first heap   total 141312K, used 126254K [0x00000000e0000000, 0x0000000100000000)
  region size 1024K, 49 young (50176K), 7 survivors (7168K)
 Metaspace       used 66935K, committed 72832K, reserved 1114112K
  class space    used 7065K, committed 9664K, reserved 1048576K
}
Event: 21.297 GC heap after
{Heap after GC invocations=17 (full 0):
 garbage-first heap   total 141312K, used 88873K [0x00000000e0000000, 0x0000000100000000)
  region size 1024K, 6 young (6144K), 6 survivors (6144K)
 Metaspace       used 66935K, committed 72832K, reserved 1114112K
  class space    used 7065K, committed 9664K, reserved 1048576K
}
Event: 22.979 GC heap before
{Heap before GC invocations=17 (full 0):
 garbage-first heap   total 141312K, used 126761K [0x00000000e0000000, 0x0000000100000000)
  region size 1024K, 43 young (44032K), 6 survivors (6144K)
 Metaspace       used 70804K, committed 76928K, reserved 1179648K
  class space    used 7368K, committed 10048K, reserved 1048576K
}
Event: 23.017 GC heap after
{Heap after GC invocations=18 (full 0):
 garbage-first heap   total 141312K, used 91784K [0x00000000e0000000, 0x0000000100000000)
  region size 1024K, 4 young (4096K), 4 survivors (4096K)
 Metaspace       used 70804K, committed 76928K, reserved 1179648K
  class space    used 7368K, committed 10048K, reserved 1048576K
}
Event: 25.390 GC heap before
{Heap before GC invocations=19 (full 0):
 garbage-first heap   total 153600K, used 127624K [0x00000000e0000000, 0x0000000100000000)
  region size 1024K, 39 young (39936K), 4 survivors (4096K)
 Metaspace       used 75134K, committed 81472K, reserved 1179648K
  class space    used 7710K, committed 10496K, reserved 1048576K
}
Event: 25.442 GC heap after
{Heap after GC invocations=20 (full 0):
 garbage-first heap   total 153600K, used 96715K [0x00000000e0000000, 0x0000000100000000)
  region size 1024K, 5 young (5120K), 5 survivors (5120K)
 Metaspace       used 75134K, committed 81472K, reserved 1179648K
  class space    used 7710K, committed 10496K, reserved 1048576K
}
Event: 26.847 GC heap before
{Heap before GC invocations=20 (full 0):
 garbage-first heap   total 153600K, used 136651K [0x00000000e0000000, 0x0000000100000000)
  region size 1024K, 44 young (45056K), 5 survivors (5120K)
 Metaspace       used 75953K, committed 82368K, reserved 1179648K
  class space    used 7785K, committed 10624K, reserved 1048576K
}
Event: 26.882 GC heap after
{Heap after GC invocations=21 (full 0):
 garbage-first heap   total 153600K, used 96811K [0x00000000e0000000, 0x0000000100000000)
  region size 1024K, 3 young (3072K), 3 survivors (3072K)
 Metaspace       used 75953K, committed 82368K, reserved 1179648K
  class space    used 7785K, committed 10624K, reserved 1048576K
}
Event: 28.396 GC heap before
{Heap before GC invocations=21 (full 0):
 garbage-first heap   total 153600K, used 137771K [0x00000000e0000000, 0x0000000100000000)
  region size 1024K, 43 young (44032K), 3 survivors (3072K)
 Metaspace       used 76192K, committed 82560K, reserved 1179648K
  class space    used 7791K, committed 10624K, reserved 1048576K
}
Event: 28.422 GC heap after
{Heap after GC invocations=22 (full 0):
 garbage-first heap   total 153600K, used 97887K [0x00000000e0000000, 0x0000000100000000)
  region size 1024K, 4 young (4096K), 4 survivors (4096K)
 Metaspace       used 76192K, committed 82560K, reserved 1179648K
  class space    used 7791K, committed 10624K, reserved 1048576K
}
Event: 30.084 GC heap before
{Heap before GC invocations=23 (full 0):
 garbage-first heap   total 165888K, used 138847K [0x00000000e0000000, 0x0000000100000000)
  region size 1024K, 44 young (45056K), 4 survivors (4096K)
 Metaspace       used 76536K, committed 82944K, reserved 1179648K
  class space    used 7815K, committed 10688K, reserved 1048576K
}
Event: 30.106 GC heap after
{Heap after GC invocations=24 (full 0):
 garbage-first heap   total 165888K, used 98667K [0x00000000e0000000, 0x0000000100000000)
  region size 1024K, 4 young (4096K), 4 survivors (4096K)
 Metaspace       used 76536K, committed 82944K, reserved 1179648K
  class space    used 7815K, committed 10688K, reserved 1048576K
}
Event: 31.952 GC heap before
{Heap before GC invocations=24 (full 0):
 garbage-first heap   total 165888K, used 149867K [0x00000000e0000000, 0x0000000100000000)
  region size 1024K, 54 young (55296K), 4 survivors (4096K)
 Metaspace       used 76840K, committed 83264K, reserved 1179648K
  class space    used 7830K, committed 10688K, reserved 1048576K
}
Event: 31.992 GC heap after
{Heap after GC invocations=25 (full 0):
 garbage-first heap   total 165888K, used 98664K [0x00000000e0000000, 0x0000000100000000)
  region size 1024K, 5 young (5120K), 5 survivors (5120K)
 Metaspace       used 76840K, committed 83264K, reserved 1179648K
  class space    used 7830K, committed 10688K, reserved 1048576K
}
Event: 33.630 GC heap before
{Heap before GC invocations=25 (full 0):
 garbage-first heap   total 165888K, used 149864K [0x00000000e0000000, 0x0000000100000000)
  region size 1024K, 56 young (57344K), 5 survivors (5120K)
 Metaspace       used 77029K, committed 83392K, reserved 1179648K
  class space    used 7832K, committed 10688K, reserved 1048576K
}
Event: 33.670 GC heap after
{Heap after GC invocations=26 (full 0):
 garbage-first heap   total 165888K, used 99740K [0x00000000e0000000, 0x0000000100000000)
  region size 1024K, 5 young (5120K), 5 survivors (5120K)
 Metaspace       used 77029K, committed 83392K, reserved 1179648K
  class space    used 7832K, committed 10688K, reserved 1048576K
}
Event: 35.861 GC heap before
{Heap before GC invocations=27 (full 0):
 garbage-first heap   total 167936K, used 151964K [0x00000000e0000000, 0x0000000100000000)
  region size 1024K, 56 young (57344K), 5 survivors (5120K)
 Metaspace       used 77239K, committed 83648K, reserved 1179648K
  class space    used 7835K, committed 10688K, reserved 1048576K
}
Event: 35.891 GC heap after
{Heap after GC invocations=28 (full 0):
 garbage-first heap   total 167936K, used 100083K [0x00000000e0000000, 0x0000000100000000)
  region size 1024K, 4 young (4096K), 4 survivors (4096K)
 Metaspace       used 77239K, committed 83648K, reserved 1179648K
  class space    used 7835K, committed 10688K, reserved 1048576K
}
Event: 37.735 GC heap before
{Heap before GC invocations=28 (full 0):
 garbage-first heap   total 167936K, used 154355K [0x00000000e0000000, 0x0000000100000000)
  region size 1024K, 58 young (59392K), 4 survivors (4096K)
 Metaspace       used 77391K, committed 83776K, reserved 1179648K
  class space    used 7836K, committed 10688K, reserved 1048576K
}
Event: 37.769 GC heap after
{Heap after GC invocations=29 (full 0):
 garbage-first heap   total 167936K, used 100565K [0x00000000e0000000, 0x0000000100000000)
  region size 1024K, 6 young (6144K), 6 survivors (6144K)
 Metaspace       used 77391K, committed 83776K, reserved 1179648K
  class space    used 7836K, committed 10688K, reserved 1048576K
}

Dll operation events (9 events):
Event: 0.025 Loaded shared library /usr/lib/jvm/java-21-openjdk-amd64/lib/libjava.so
Event: 0.237 Loaded shared library /usr/lib/jvm/java-21-openjdk-amd64/lib/libjsvml.so
Event: 0.303 Loaded shared library /usr/lib/jvm/java-21-openjdk-amd64/lib/libnio.so
Event: 0.310 Loaded shared library /usr/lib/jvm/java-21-openjdk-amd64/lib/libzip.so
Event: 0.455 Loaded shared library /usr/lib/jvm/java-21-openjdk-amd64/lib/libverify.so
Event: 0.466 Loaded shared library /usr/lib/jvm/java-21-openjdk-amd64/lib/libjimage.so
Event: 0.591 Loaded shared library /usr/lib/jvm/java-21-openjdk-amd64/lib/libnet.so
Event: 1.501 Loaded shared library /usr/lib/jvm/java-21-openjdk-amd64/lib/libextnet.so
Event: 4.728 Loaded shared library /tmp/libconscrypt_openjdk_jni-linux-x86_6417889865717930000.so

Deoptimization events (20 events):
Event: 32.054 Thread 0x00007f7f5880dad0 DEOPT PACKING pc=0x00007f7f486f2210 sp=0x00007f7f3c91fea0
Event: 32.054 Thread 0x00007f7f5880dad0 DEOPT UNPACKING pc=0x00007f7f47d8af99 sp=0x00007f7f3c91fe20 mode 2
Event: 32.303 Thread 0x00007f7f5880dad0 DEOPT PACKING pc=0x00007f7f40a7219b sp=0x00007f7f3c91dca0
Event: 32.303 Thread 0x00007f7f5880dad0 DEOPT UNPACKING pc=0x00007f7f47d8b72f sp=0x00007f7f3c91d190 mode 0
Event: 34.557 Thread 0x00007f7f5880dad0 Uncommon trap: trap_request=0xffffff45 fr.pc=0x00007f7f4852412c relative=0x00000000000002ec
Event: 34.557 Thread 0x00007f7f5880dad0 Uncommon trap: reason=unstable_if action=reinterpret pc=0x00007f7f4852412c method=sun.util.calendar.BaseCalendar.getFixedDate(IIILsun/util/calendar/BaseCalendar$Date;)J @ 90 c2
Event: 34.557 Thread 0x00007f7f5880dad0 DEOPT PACKING pc=0x00007f7f4852412c sp=0x00007f7f3c91fed0
Event: 34.557 Thread 0x00007f7f5880dad0 DEOPT UNPACKING pc=0x00007f7f47d8af99 sp=0x00007f7f3c91fe58 mode 2
Event: 35.002 Thread 0x00007f7f5880dad0 DEOPT PACKING pc=0x00007f7f4175db8e sp=0x00007f7f3c91dd90
Event: 35.002 Thread 0x00007f7f5880dad0 DEOPT UNPACKING pc=0x00007f7f47d8b72f sp=0x00007f7f3c91d330 mode 0
Event: 36.505 Thread 0x00007f7f5801dec0 DEOPT PACKING pc=0x00007f7f410dd558 sp=0x00007f7f5cf92420
Event: 36.505 Thread 0x00007f7f5801dec0 DEOPT UNPACKING pc=0x00007f7f47d8b72f sp=0x00007f7f5cf918a0 mode 0
Event: 36.638 Thread 0x00007f7f5880dad0 Uncommon trap: trap_request=0xffffff45 fr.pc=0x00007f7f483336f4 relative=0x0000000000000414
Event: 36.638 Thread 0x00007f7f5880dad0 Uncommon trap: reason=unstable_if action=reinterpret pc=0x00007f7f483336f4 method=java.util.regex.Pattern$BmpCharPropertyGreedy.match(Ljava/util/regex/Matcher;ILjava/lang/CharSequence;)Z @ 12 c2
Event: 36.638 Thread 0x00007f7f5880dad0 DEOPT PACKING pc=0x00007f7f483336f4 sp=0x00007f7f3c91fdc0
Event: 36.638 Thread 0x00007f7f5880dad0 DEOPT UNPACKING pc=0x00007f7f47d8af99 sp=0x00007f7f3c91fd78 mode 2
Event: 36.690 Thread 0x00007f7f5801dec0 DEOPT PACKING pc=0x00007f7f40ca77cd sp=0x00007f7f5cf915d0
Event: 36.690 Thread 0x00007f7f5801dec0 DEOPT UNPACKING pc=0x00007f7f47d8b72f sp=0x00007f7f5cf90a60 mode 0
Event: 36.964 Thread 0x00007f7f5880dad0 DEOPT PACKING pc=0x00007f7f410ee55f sp=0x00007f7f3c91ccb0
Event: 36.966 Thread 0x00007f7f5880dad0 DEOPT UNPACKING pc=0x00007f7f47d8b72f sp=0x00007f7f3c91c1a0 mode 0

Classes loaded (20 events):
Event: 23.259 Loading class java/lang/StringIndexOutOfBoundsException
Event: 23.259 Loading class java/lang/StringIndexOutOfBoundsException done
Event: 23.304 Loading class java/nio/ByteBufferAsIntBufferB
Event: 23.314 Loading class java/nio/ByteBufferAsIntBufferB done
Event: 23.707 Loading class java/text/ParseException
Event: 23.708 Loading class java/text/ParseException done
Event: 24.166 Loading class java/text/AttributedCharacterIterator
Event: 24.166 Loading class java/text/CharacterIterator
Event: 24.166 Loading class java/text/CharacterIterator done
Event: 24.166 Loading class java/text/AttributedCharacterIterator done
Event: 24.243 Loading class java/math/BigDecimal
Event: 24.250 Loading class java/math/BigDecimal done
Event: 24.539 Loading class java/util/Currency
Event: 24.543 Loading class java/util/Currency done
Event: 24.975 Loading class java/util/PriorityQueue$Itr
Event: 24.975 Loading class java/util/PriorityQueue$Itr done
Event: 26.151 Loading class java/lang/foreign/MemorySegment
Event: 26.156 Loading class java/lang/foreign/MemorySegment done
Event: 26.689 Loading class java/util/concurrent/CancellationException
Event: 26.689 Loading class java/util/concurrent/CancellationException done

Classes unloaded (0 events):
No events

Classes redefined (0 events):
No events

Internal exceptions (20 events):
Event: 34.551 Thread 0x00007f7f5880dad0 Exception <a 'sun/nio/fs/UnixException'{0x00000000e8fe03d8}> (0x00000000e8fe03d8)
thrown [./src/hotspot/share/prims/jni.cpp, line 520]
Event: 34.617 Thread 0x00007f7f5880dad0 Exception <a 'sun/nio/fs/UnixException'{0x00000000e8a277c0}> (0x00000000e8a277c0)
thrown [./src/hotspot/share/prims/jni.cpp, line 520]
Event: 34.782 Thread 0x00007f7f5880dad0 Exception <a 'sun/nio/fs/UnixException'{0x00000000e8407130}> (0x00000000e8407130)
thrown [./src/hotspot/share/prims/jni.cpp, line 520]
Event: 35.003 Thread 0x00007f7f5880dad0 Exception <a 'sun/nio/fs/UnixException'{0x00000000e7e39a58}> (0x00000000e7e39a58)
thrown [./src/hotspot/share/prims/jni.cpp, line 520]
Event: 35.298 Thread 0x00007f7f5880dad0 Exception <a 'sun/nio/fs/UnixException'{0x00000000e79c5f48}> (0x00000000e79c5f48)
thrown [./src/hotspot/share/prims/jni.cpp, line 520]
Event: 35.506 Thread 0x00007f7f5880dad0 Exception <a 'sun/nio/fs/UnixException'{0x00000000e711ed48}> (0x00000000e711ed48)
thrown [./src/hotspot/share/prims/jni.cpp, line 520]
Event: 35.915 Thread 0x00007f7f5880dad0 Exception <a 'sun/nio/fs/UnixException'{0x00000000fffb3fd8}> (0x00000000fffb3fd8)
thrown [./src/hotspot/share/prims/jni.cpp, line 520]
Event: 36.015 Thread 0x00007f7f5880dad0 Exception <a 'sun/nio/fs/UnixException'{0x00000000e99f97b0}> (0x00000000e99f97b0)
thrown [./src/hotspot/share/prims/jni.cpp, line 520]
Event: 36.544 Thread 0x00007f7f5880dad0 Exception <a 'sun/nio/fs/UnixException'{0x00000000e91950b0}> (0x00000000e91950b0)
thrown [./src/hotspot/share/prims/jni.cpp, line 520]
Event: 36.834 Thread 0x00007f7f5880dad0 Exception <a 'sun/nio/fs/UnixException'{0x00000000e8ce5260}> (0x00000000e8ce5260)
thrown [./src/hotspot/share/prims/jni.cpp, line 520]
Event: 36.970 Thread 0x00007f7f5880dad0 Exception <a 'sun/nio/fs/UnixException'{0x00000000e87d88b0}> (0x00000000e87d88b0)
thrown [./src/hotspot/share/prims/jni.cpp, line 520]
Event: 37.123 Thread 0x00007f7f5880dad0 Exception <a 'sun/nio/fs/UnixException'{0x00000000e8013b48}> (0x00000000e8013b48)
thrown [./src/hotspot/share/prims/jni.cpp, line 520]
Event: 37.376 Thread 0x00007f7f5880dad0 Exception <a 'sun/nio/fs/UnixException'{0x00000000e7962290}> (0x00000000e7962290)
thrown [./src/hotspot/share/prims/jni.cpp, line 520]
Event: 37.480 Thread 0x00007f7f5880dad0 Exception <a 'sun/nio/fs/UnixException'{0x00000000e7492f10}> (0x00000000e7492f10)
thrown [./src/hotspot/share/prims/jni.cpp, line 520]
Event: 37.586 Thread 0x00007f7f5880dad0 Exception <a 'sun/nio/fs/UnixException'{0x00000000e6fbac58}> (0x00000000e6fbac58)
thrown [./src/hotspot/share/prims/jni.cpp, line 520]
Event: 37.687 Thread 0x00007f7f5880dad0 Exception <a 'sun/nio/fs/UnixException'{0x00000000e6774cb0}> (0x00000000e6774cb0)
thrown [./src/hotspot/share/prims/jni.cpp, line 520]
Event: 37.937 Thread 0x00007f7f5880dad0 Exception <a 'sun/nio/fs/UnixException'{0x00000000e986e880}> (0x00000000e986e880)
thrown [./src/hotspot/share/prims/jni.cpp, line 520]
Event: 38.150 Thread 0x00007f7f5880dad0 Exception <a 'sun/nio/fs/UnixException'{0x00000000e90823f8}> (0x00000000e90823f8)
thrown [./src/hotspot/share/prims/jni.cpp, line 520]
Event: 38.264 Thread 0x00007f7f5880dad0 Exception <a 'sun/nio/fs/UnixException'{0x00000000e8a14b28}> (0x00000000e8a14b28)
thrown [./src/hotspot/share/prims/jni.cpp, line 520]
Event: 38.398 Thread 0x00007f7f5880dad0 Exception <a 'sun/nio/fs/UnixException'{0x00000000e85f0658}> (0x00000000e85f0658)
thrown [./src/hotspot/share/prims/jni.cpp, line 520]

ZGC Phase Switch (0 events):
No events

VM Operations (20 events):
Event: 31.108 Executing safepoint VM operation: Cleanup
Event: 31.111 Executing safepoint VM operation: Cleanup done
Event: 31.952 Executing safepoint VM operation: G1CollectForAllocation (G1 Evacuation Pause)
Event: 32.001 Executing safepoint VM operation: G1CollectForAllocation (G1 Evacuation Pause) done
Event: 33.001 Executing safepoint VM operation: Cleanup
Event: 33.001 Executing safepoint VM operation: Cleanup done
Event: 33.630 Executing safepoint VM operation: G1CollectForAllocation (G1 Evacuation Pause)
Event: 33.676 Executing safepoint VM operation: G1CollectForAllocation (G1 Evacuation Pause) done
Event: 34.051 Executing safepoint VM operation: G1PauseRemark
Event: 34.139 Executing safepoint VM operation: G1PauseRemark done
Event: 34.316 Executing safepoint VM operation: G1PauseCleanup
Event: 34.316 Executing safepoint VM operation: G1PauseCleanup done
Event: 35.316 Executing safepoint VM operation: Cleanup
Event: 35.324 Executing safepoint VM operation: Cleanup done
Event: 35.857 Executing safepoint VM operation: G1CollectForAllocation (G1 Evacuation Pause)
Event: 35.891 Executing safepoint VM operation: G1CollectForAllocation (G1 Evacuation Pause) done
Event: 36.891 Executing safepoint VM operation: Cleanup
Event: 36.896 Executing safepoint VM operation: Cleanup done
Event: 37.734 Executing safepoint VM operation: G1CollectForAllocation (G1 Evacuation Pause)
Event: 37.771 Executing safepoint VM operation: G1CollectForAllocation (G1 Evacuation Pause) done

Memory protections (20 events):
Event: 36.980 Protecting memory [0x00007f7f3c621000,0x00007f7f3c625000] with protection modes 0
Event: 36.996 Protecting memory [0x00007f7f3c621000,0x00007f7f3c625000] with protection modes 0
Event: 37.147 Protecting memory [0x00007f7f3c621000,0x00007f7f3c625000] with protection modes 0
Event: 37.156 Protecting memory [0x00007f7f3c621000,0x00007f7f3c625000] with protection modes 0
Event: 37.384 Protecting memory [0x00007f7f3c621000,0x00007f7f3c625000] with protection modes 0
Event: 37.393 Protecting memory [0x00007f7f3c621000,0x00007f7f3c625000] with protection modes 0
Event: 37.492 Protecting memory [0x00007f7f3c621000,0x00007f7f3c625000] with protection modes 0
Event: 37.495 Protecting memory [0x00007f7f3c621000,0x00007f7f3c625000] with protection modes 0
Event: 37.587 Protecting memory [0x00007f7f3c621000,0x00007f7f3c625000] with protection modes 0
Event: 37.603 Protecting memory [0x00007f7f3c621000,0x00007f7f3c625000] with protection modes 0
Event: 37.690 Protecting memory [0x00007f7f3c621000,0x00007f7f3c625000] with protection modes 0
Event: 37.701 Protecting memory [0x00007f7f3c621000,0x00007f7f3c625000] with protection modes 0
Event: 37.948 Protecting memory [0x00007f7f3c621000,0x00007f7f3c625000] with protection modes 0
Event: 37.956 Protecting memory [0x00007f7f3c621000,0x00007f7f3c625000] with protection modes 0
Event: 38.163 Protecting memory [0x00007f7f3c621000,0x00007f7f3c625000] with protection modes 0
Event: 38.172 Protecting memory [0x00007f7f3c621000,0x00007f7f3c625000] with protection modes 0
Event: 38.265 Protecting memory [0x00007f7f3c621000,0x00007f7f3c625000] with protection modes 0
Event: 38.273 Protecting memory [0x00007f7f3c621000,0x00007f7f3c625000] with protection modes 0
Event: 38.416 Protecting memory [0x00007f7f3c621000,0x00007f7f3c625000] with protection modes 0
Event: 38.432 Protecting memory [0x00007f7f3c621000,0x00007f7f3c625000] with protection modes 0

Nmethod flushes (20 events):
Event: 34.136 Thread 0x00007f7f580f7450 flushing  nmethod 0x00007f7f40ea2010
Event: 34.136 Thread 0x00007f7f580f7450 flushing  nmethod 0x00007f7f40ea2c10
Event: 34.136 Thread 0x00007f7f580f7450 flushing  nmethod 0x00007f7f40ea3790
Event: 34.136 Thread 0x00007f7f580f7450 flushing  nmethod 0x00007f7f40ea5d90
Event: 34.136 Thread 0x00007f7f580f7450 flushing  nmethod 0x00007f7f40ea8390
Event: 34.136 Thread 0x00007f7f580f7450 flushing  nmethod 0x00007f7f40eaac10
Event: 34.136 Thread 0x00007f7f580f7450 flushing  nmethod 0x00007f7f40ec8a90
Event: 34.136 Thread 0x00007f7f580f7450 flushing  nmethod 0x00007f7f40ed2210
Event: 34.136 Thread 0x00007f7f580f7450 flushing  nmethod 0x00007f7f40ed5090
Event: 34.136 Thread 0x00007f7f580f7450 flushing  nmethod 0x00007f7f40edc510
Event: 34.136 Thread 0x00007f7f580f7450 flushing  nmethod 0x00007f7f40ee3d90
Event: 34.136 Thread 0x00007f7f580f7450 flushing  nmethod 0x00007f7f40eeb710
Event: 34.136 Thread 0x00007f7f580f7450 flushing  nmethod 0x00007f7f40f54090
Event: 34.136 Thread 0x00007f7f580f7450 flushing  nmethod 0x00007f7f40f85810
Event: 34.136 Thread 0x00007f7f580f7450 flushing  nmethod 0x00007f7f40f87f90
Event: 34.136 Thread 0x00007f7f580f7450 flushing  nmethod 0x00007f7f40f8d110
Event: 34.136 Thread 0x00007f7f580f7450 flushing  nmethod 0x00007f7f40f92c90
Event: 34.136 Thread 0x00007f7f580f7450 flushing  nmethod 0x00007f7f40fbb310
Event: 34.136 Thread 0x00007f7f580f7450 flushing  nmethod 0x00007f7f40fbde10
Event: 34.136 Thread 0x00007f7f580f7450 flushing  nmethod 0x00007f7f4106e710

Events (20 events):
Event: 37.690 Thread 0x00007f7f5880dad0 Thread added: 0x00007f7e76550f80
Event: 37.690 Thread 0x00007f7e76550f80 Thread exited: 0x00007f7e76550f80
Event: 37.701 Thread 0x00007f7f5880dad0 Thread added: 0x00007f7e76550f80
Event: 37.702 Thread 0x00007f7e76550f80 Thread exited: 0x00007f7e76550f80
Event: 37.943 Thread 0x00007f7f5880dad0 Thread added: 0x00007f7e75f34d10
Event: 37.948 Thread 0x00007f7e75f34d10 Thread exited: 0x00007f7e75f34d10
Event: 37.956 Thread 0x00007f7f5880dad0 Thread added: 0x00007f7e75f34d10
Event: 37.956 Thread 0x00007f7e75f34d10 Thread exited: 0x00007f7e75f34d10
Event: 38.160 Thread 0x00007f7f5880dad0 Thread added: 0x00007f7e766d8fe0
Event: 38.164 Thread 0x00007f7e766d8fe0 Thread exited: 0x00007f7e766d8fe0
Event: 38.172 Thread 0x00007f7f5880dad0 Thread added: 0x00007f7e766d8fe0
Event: 38.173 Thread 0x00007f7e766d8fe0 Thread exited: 0x00007f7e766d8fe0
Event: 38.265 Thread 0x00007f7f5880dad0 Thread added: 0x00007f7e766d9b40
Event: 38.266 Thread 0x00007f7e766d9b40 Thread exited: 0x00007f7e766d9b40
Event: 38.273 Thread 0x00007f7f5880dad0 Thread added: 0x00007f7e766d9b40
Event: 38.275 Thread 0x00007f7e766d9b40 Thread exited: 0x00007f7e766d9b40
Event: 38.414 Thread 0x00007f7f5880dad0 Thread added: 0x00007f7e766d9b40
Event: 38.417 Thread 0x00007f7e766d9b40 Thread exited: 0x00007f7e766d9b40
Event: 38.432 Thread 0x00007f7f5880dad0 Thread added: 0x00007f7e766da4d0
Event: 38.432 Thread 0x00007f7e766da4d0 Thread exited: 0x00007f7e766da4d0


Dynamic libraries:
e0000000-e9c00000 rw-p 00000000 00:00 0
e9c00000-ff800000 ---p 00000000 00:00 0
ff800000-ffe00000 rw-p 00000000 00:00 0
ffe00000-fff0d000 rw-p 00cdb000 00:10 218273                             /usr/lib/jvm/java-21-openjdk-amd64/lib/server/classes.jsa
fff0d000-100000000 rw-p 00000000 00:00 0
5597666d9000-5597666da000 r--p 00000000 00:10 217974                     /usr/lib/jvm/java-21-openjdk-amd64/bin/java
5597666da000-5597666db000 r-xp 00001000 00:10 217974                     /usr/lib/jvm/java-21-openjdk-amd64/bin/java
5597666db000-5597666dc000 r--p 00002000 00:10 217974                     /usr/lib/jvm/java-21-openjdk-amd64/bin/java
5597666dc000-5597666dd000 r--p 00002000 00:10 217974                     /usr/lib/jvm/java-21-openjdk-amd64/bin/java
5597666dd000-5597666de000 rw-p 00003000 00:10 217974                     /usr/lib/jvm/java-21-openjdk-amd64/bin/java
559767dbf000-559767e0a000 rw-p 00000000 00:00 0                          [heap]
7f7e50000000-7f7e506f0000 rw-p 00000000 00:00 0
7f7e506f0000-7f7e50760000 rw-p 00000000 00:00 0
7f7e50760000-7f7e50800000 ---p 00000000 00:00 0
7f7e50800000-7f7e50830000 rw-p 00000000 00:00 0
7f7e50830000-7f7e54000000 ---p 00000000 00:00 0
7f7e54000000-7f7e54021000 rw-p 00000000 00:00 0
7f7e54021000-7f7e58000000 ---p 00000000 00:00 0
7f7e5c000000-7f7e5c035000 rw-p 00000000 00:00 0
7f7e5c035000-7f7e60000000 ---p 00000000 00:00 0
7f7e60000000-7f7e60021000 rw-p 00000000 00:00 0
7f7e60021000-7f7e64000000 ---p 00000000 00:00 0
7f7e68000000-7f7e6a5dd000 rw-p 00000000 00:00 0
7f7e6a5dd000-7f7e6c000000 ---p 00000000 00:00 0
7f7e6c000000-7f7e6c021000 rw-p 00000000 00:00 0
7f7e6c021000-7f7e70000000 ---p 00000000 00:00 0
7f7e74000000-7f7e76861000 rw-p 00000000 00:00 0
7f7e76861000-7f7e78000000 ---p 00000000 00:00 0
7f7e78000000-7f7e7806d000 rw-p 00000000 00:00 0
7f7e7806d000-7f7e7c000000 ---p 00000000 00:00 0
7f7e80000000-7f7e80021000 rw-p 00000000 00:00 0
7f7e80021000-7f7e84000000 ---p 00000000 00:00 0
7f7e84000000-7f7e84021000 rw-p 00000000 00:00 0
7f7e84021000-7f7e88000000 ---p 00000000 00:00 0
7f7e8c000000-7f7e8c021000 rw-p 00000000 00:00 0
7f7e8c021000-7f7e90000000 ---p 00000000 00:00 0
7f7e90000000-7f7e90021000 rw-p 00000000 00:00 0
7f7e90021000-7f7e94000000 ---p 00000000 00:00 0
7f7e98000000-7f7e98021000 rw-p 00000000 00:00 0
7f7e98021000-7f7e9c000000 ---p 00000000 00:00 0
7f7e9c000000-7f7e9c021000 rw-p 00000000 00:00 0
7f7e9c021000-7f7ea0000000 ---p 00000000 00:00 0
7f7ea4000000-7f7ea4b8c000 rw-p 00000000 00:00 0
7f7ea4b8c000-7f7ea8000000 ---p 00000000 00:00 0
7f7ea8000000-7f7eaa60a000 rw-p 00000000 00:00 0
7f7eaa60a000-7f7eac000000 ---p 00000000 00:00 0
7f7eb0000000-7f7eb0021000 rw-p 00000000 00:00 0
7f7eb0021000-7f7eb4000000 ---p 00000000 00:00 0
7f7eb4000000-7f7eb4021000 rw-p 00000000 00:00 0
7f7eb4021000-7f7eb8000000 ---p 00000000 00:00 0
7f7ebc000000-7f7ebc021000 rw-p 00000000 00:00 0
7f7ebc021000-7f7ec0000000 ---p 00000000 00:00 0
7f7ec0000000-7f7ec0021000 rw-p 00000000 00:00 0
7f7ec0021000-7f7ec4000000 ---p 00000000 00:00 0
7f7ec8000000-7f7ec8021000 rw-p 00000000 00:00 0
7f7ec8021000-7f7ecc000000 ---p 00000000 00:00 0
7f7ecc000000-7f7ecc02b000 rw-p 00000000 00:00 0
7f7ecc02b000-7f7ed0000000 ---p 00000000 00:00 0
7f7ed4000000-7f7ed43f0000 rw-p 00000000 00:00 0
7f7ed43f0000-7f7ed4770000 rw-p 00000000 00:00 0
7f7ed4770000-7f7ed48f0000 rw-p 00000000 00:00 0
7f7ed48f0000-7f7ed4970000 rw-p 00000000 00:00 0
7f7ed4970000-7f7ed4af0000 rw-p 00000000 00:00 0
7f7ed4af0000-7f7ed4bf0000 rw-p 00000000 00:00 0
7f7ed4bf0000-7f7ed5150000 rw-p 00000000 00:00 0
7f7ed5150000-7f7ed51f0000 rw-p 00000000 00:00 0
7f7ed51f0000-7f7ed5cf0000 rw-p 00000000 00:00 0
7f7ed5cf0000-7f7ed6170000 rw-p 00000000 00:00 0
7f7ed6170000-7f7ed61f0000 rw-p 00000000 00:00 0
7f7ed61f0000-7f7ed6930000 rw-p 00000000 00:00 0
7f7ed6930000-7f7ed70f0000 rw-p 00000000 00:00 0
7f7ed70f0000-7f7ed71f0000 rw-p 00000000 00:00 0
7f7ed71f0000-7f7ed7ff0000 rw-p 00000000 00:00 0
7f7ed7ff0000-7f7ed8021000 rw-p 00000000 00:00 0
7f7ed8021000-7f7edc000000 ---p 00000000 00:00 0
7f7edf000000-7f7edf481000 rw-p 00001000 00:10 218273                     /usr/lib/jvm/java-21-openjdk-amd64/lib/server/classes.jsa
7f7edf481000-7f7edfc9c000 rw-p 00482000 00:10 218273                     /usr/lib/jvm/java-21-openjdk-amd64/lib/server/classes.jsa
7f7edfc9c000-7f7ee0000000 ---p 00000000 00:00 0
7f7ee0000000-7f7ee0030000 rw-p 00000000 00:00 0
7f7ee0030000-7f7ee00b0000 rw-p 00000000 00:00 0
7f7ee00b0000-7f7ee0170000 rw-p 00000000 00:00 0
7f7ee0170000-7f7ee07b0000 rw-p 00000000 00:00 0
7f7ee07b0000-7f7ee07d0000 rw-p 00000000 00:00 0
7f7ee07d0000-7f7ee0800000 ---p 00000000 00:00 0
7f7ee0800000-7f7ee0ab0000 rw-p 00000000 00:00 0
7f7ee0ab0000-7f7f20000000 ---p 00000000 00:00 0
7f7f20000000-7f7f20021000 rw-p 00000000 00:00 0
7f7f20021000-7f7f24000000 ---p 00000000 00:00 0
7f7f28000000-7f7f28021000 rw-p 00000000 00:00 0
7f7f28021000-7f7f2c000000 ---p 00000000 00:00 0
7f7f2c000000-7f7f2c040000 rw-p 00000000 00:00 0
7f7f2c040000-7f7f30000000 ---p 00000000 00:00 0
7f7f33800000-7f7f33a44000 r-xp 00000000 00:10 4992710                    /tmp/libconscrypt_openjdk_jni-linux-x86_6417889865717930000.so (deleted)
7f7f33a44000-7f7f33c43000 ---p 00244000 00:10 4992710                    /tmp/libconscrypt_openjdk_jni-linux-x86_6417889865717930000.so (deleted)
7f7f33c43000-7f7f33c54000 r--p 00243000 00:10 4992710                    /tmp/libconscrypt_openjdk_jni-linux-x86_6417889865717930000.so (deleted)
7f7f33c54000-7f7f33c57000 rw-p 00254000 00:10 4992710                    /tmp/libconscrypt_openjdk_jni-linux-x86_6417889865717930000.so (deleted)
7f7f33c57000-7f7f33c58000 rw-p 00000000 00:00 0
7f7f34000000-7f7f34021000 rw-p 00000000 00:00 0
7f7f34021000-7f7f38000000 ---p 00000000 00:00 0
7f7f38000000-7f7f38025000 rw-p 00000000 00:00 0
7f7f38025000-7f7f3c000000 ---p 00000000 00:00 0
7f7f3c321000-7f7f3c325000 ---p 00000000 00:00 0
7f7f3c325000-7f7f3c421000 rw-p 00000000 00:00 0
7f7f3c421000-7f7f3c425000 ---p 00000000 00:00 0
7f7f3c425000-7f7f3c521000 rw-p 00000000 00:00 0
7f7f3c521000-7f7f3c525000 ---p 00000000 00:00 0
7f7f3c525000-7f7f3c621000 rw-p 00000000 00:00 0
7f7f3c621000-7f7f3c625000 ---p 00000000 00:00 0
7f7f3c625000-7f7f3c721000 rw-p 00000000 00:00 0
7f7f3c721000-7f7f3c722000 ---p 00000000 00:00 0
7f7f3c722000-7f7f3c822000 rw-p 00000000 00:00 0
7f7f3c822000-7f7f3c826000 ---p 00000000 00:00 0
7f7f3c826000-7f7f3c922000 rw-p 00000000 00:00 0
7f7f3c922000-7f7f3c926000 ---p 00000000 00:00 0
7f7f3c926000-7f7f3ca22000 rw-p 00000000 00:00 0
7f7f3ca22000-7f7f3ca26000 ---p 00000000 00:00 0
7f7f3ca26000-7f7f3cb22000 rw-p 00000000 00:00 0
7f7f3cb22000-7f7f3cb26000 ---p 00000000 00:00 0
7f7f3cb26000-7f7f3cc22000 rw-p 00000000 00:00 0
7f7f3cc22000-7f7f3cc23000 r--p 00000000 00:10 218292                     /usr/lib/jvm/java-21-openjdk-amd64/lib/libextnet.so
7f7f3cc23000-7f7f3cc24000 r-xp 00001000 00:10 218292                     /usr/lib/jvm/java-21-openjdk-amd64/lib/libextnet.so
7f7f3cc24000-7f7f3cc25000 r--p 00002000 00:10 218292                     /usr/lib/jvm/java-21-openjdk-amd64/lib/libextnet.so
7f7f3cc25000-7f7f3cc26000 r--p 00002000 00:10 218292                     /usr/lib/jvm/java-21-openjdk-amd64/lib/libextnet.so
7f7f3cc26000-7f7f3cc27000 rw-p 00003000 00:10 218292                     /usr/lib/jvm/java-21-openjdk-amd64/lib/libextnet.so
7f7f3cc8d000-7f7f3cc8e000 r--p 00000000 00:10 229062                     /usr/lib/x86_64-linux-gnu/libpthread.so.0
7f7f3cc8e000-7f7f3cc8f000 r-xp 00001000 00:10 229062                     /usr/lib/x86_64-linux-gnu/libpthread.so.0
7f7f3cc8f000-7f7f3cc90000 r--p 00002000 00:10 229062                     /usr/lib/x86_64-linux-gnu/libpthread.so.0
7f7f3cc90000-7f7f3cc91000 r--p 00002000 00:10 229062                     /usr/lib/x86_64-linux-gnu/libpthread.so.0
7f7f3cc91000-7f7f3cc92000 rw-p 00003000 00:10 229062                     /usr/lib/x86_64-linux-gnu/libpthread.so.0
7f7f3cc9e000-7f7f3cc9f000 ---p 00000000 00:00 0
7f7f3cc9f000-7f7f3cd9f000 rw-p 00000000 00:00 0
7f7f3cd9f000-7f7f3cda0000 ---p 00000000 00:00 0
7f7f3cda0000-7f7f3cea0000 rw-p 00000000 00:00 0
7f7f3cea0000-7f7f3cea4000 r--p 00000000 00:10 218322                     /usr/lib/jvm/java-21-openjdk-amd64/lib/libverify.so
7f7f3cea4000-7f7f3ceab000 r-xp 00004000 00:10 218322                     /usr/lib/jvm/java-21-openjdk-amd64/lib/libverify.so
7f7f3ceab000-7f7f3cead000 r--p 0000b000 00:10 218322                     /usr/lib/jvm/java-21-openjdk-amd64/lib/libverify.so
7f7f3cead000-7f7f3ceaf000 r--p 0000c000 00:10 218322                     /usr/lib/jvm/java-21-openjdk-amd64/lib/libverify.so
7f7f3ceaf000-7f7f3ceb0000 rw-p 0000e000 00:10 218322                     /usr/lib/jvm/java-21-openjdk-amd64/lib/libverify.so
7f7f3ceb0000-7f7f3ceb3000 r--p 00000000 00:10 218314                     /usr/lib/jvm/java-21-openjdk-amd64/lib/libnet.so
7f7f3ceb3000-7f7f3cebb000 r-xp 00003000 00:10 218314                     /usr/lib/jvm/java-21-openjdk-amd64/lib/libnet.so
7f7f3cebb000-7f7f3cebd000 r--p 0000b000 00:10 218314                     /usr/lib/jvm/java-21-openjdk-amd64/lib/libnet.so
7f7f3cebd000-7f7f3cebe000 r--p 0000c000 00:10 218314                     /usr/lib/jvm/java-21-openjdk-amd64/lib/libnet.so
7f7f3cebe000-7f7f3cebf000 rw-p 0000d000 00:10 218314                     /usr/lib/jvm/java-21-openjdk-amd64/lib/libnet.so
7f7f3cebf000-7f7f3cec3000 ---p 00000000 00:00 0
7f7f3cec3000-7f7f3cfbf000 rw-p 00000000 00:00 0
7f7f3cfbf000-7f7f3cfc3000 ---p 00000000 00:00 0
7f7f3cfc3000-7f7f3d0bf000 rw-p 00000000 00:00 0
7f7f3d0bf000-7f7f3d0c4000 r--p 00000000 00:10 218307                     /usr/lib/jvm/java-21-openjdk-amd64/lib/libjsvml.so
7f7f3d0c4000-7f7f3d105000 r-xp 00005000 00:10 218307                     /usr/lib/jvm/java-21-openjdk-amd64/lib/libjsvml.so
7f7f3d105000-7f7f3d18e000 r--p 00046000 00:10 218307                     /usr/lib/jvm/java-21-openjdk-amd64/lib/libjsvml.so
7f7f3d18e000-7f7f3d18f000 r--p 000ce000 00:10 218307                     /usr/lib/jvm/java-21-openjdk-amd64/lib/libjsvml.so
7f7f3d18f000-7f7f3d190000 rw-p 000cf000 00:10 218307                     /usr/lib/jvm/java-21-openjdk-amd64/lib/libjsvml.so
7f7f3d190000-7f7f3d194000 ---p 00000000 00:00 0
7f7f3d194000-7f7f3d290000 rw-p 00000000 00:00 0
7f7f3d290000-7f7f3d294000 ---p 00000000 00:00 0
7f7f3d294000-7f7f3d390000 rw-p 00000000 00:00 0
7f7f3d390000-7f7f3d394000 ---p 00000000 00:00 0
7f7f3d394000-7f7f3d490000 rw-p 00000000 00:00 0
7f7f3d490000-7f7f3d494000 ---p 00000000 00:00 0
7f7f3d494000-7f7f3d590000 rw-p 00000000 00:00 0
7f7f3d590000-7f7f3d594000 ---p 00000000 00:00 0
7f7f3d594000-7f7f3d690000 rw-p 00000000 00:00 0
7f7f3d690000-7f7f3d694000 ---p 00000000 00:00 0
7f7f3d694000-7f7f3d790000 rw-p 00000000 00:00 0
7f7f3d790000-7f7f3d794000 ---p 00000000 00:00 0
7f7f3d794000-7f7f3d890000 rw-p 00000000 00:00 0
7f7f3d890000-7f7f3db7b000 r--p 00000000 00:10 218747                     /usr/lib/locale/locale-archive
7f7f3db7b000-7f7f3db7c000 ---p 00000000 00:00 0
7f7f3db7c000-7f7f3dc7c000 rw-p 00000000 00:00 0
7f7f3dc7c000-7f7f3dc7d000 ---p 00000000 00:00 0
7f7f3dc7d000-7f7f3dd7d000 rw-p 00000000 00:00 0
7f7f3dd7d000-7f7f3ddfe000 rw-p 00000000 00:00 0
7f7f3ddfe000-7f7f3ddff000 ---p 00000000 00:00 0
7f7f3ddff000-7f7f3deff000 rw-p 00000000 00:00 0
7f7f3deff000-7f7f3df00000 ---p 00000000 00:00 0
7f7f3df00000-7f7f3e000000 rw-p 00000000 00:00 0
7f7f3e000000-7f7f40270000 rw-p 00000000 00:00 0
7f7f40270000-7f7f407e0000 ---p 00000000 00:00 0
7f7f407e0000-7f7f40800000 rw-p 00000000 00:00 0
7f7f40800000-7f7f41d60000 rwxp 00000000 00:00 0
7f7f41d60000-7f7f47d37000 ---p 00000000 00:00 0
7f7f47d37000-7f7f48057000 rwxp 00000000 00:00 0
7f7f48057000-7f7f482c8000 ---p 00000000 00:00 0
7f7f482c8000-7f7f48878000 rwxp 00000000 00:00 0
7f7f48878000-7f7f4f800000 ---p 00000000 00:00 0
7f7f4f802000-7f7f4f804000 r--p 00000000 00:10 218323                     /usr/lib/jvm/java-21-openjdk-amd64/lib/libzip.so
7f7f4f804000-7f7f4f809000 r-xp 00002000 00:10 218323                     /usr/lib/jvm/java-21-openjdk-amd64/lib/libzip.so
7f7f4f809000-7f7f4f80b000 r--p 00007000 00:10 218323                     /usr/lib/jvm/java-21-openjdk-amd64/lib/libzip.so
7f7f4f80b000-7f7f4f80c000 r--p 00008000 00:10 218323                     /usr/lib/jvm/java-21-openjdk-amd64/lib/libzip.so
7f7f4f80c000-7f7f4f80d000 rw-p 00009000 00:10 218323                     /usr/lib/jvm/java-21-openjdk-amd64/lib/libzip.so
7f7f4f80d000-7f7f4f866000 r--p 00000000 00:10 218736                     /usr/lib/locale/C.utf8/LC_CTYPE
7f7f4f866000-7f7f4f9c2000 rw-p 00000000 00:00 0
7f7f4f9c2000-7f7f58000000 r--s 00000000 00:10 218324                     /usr/lib/jvm/java-21-openjdk-amd64/lib/modules
7f7f58000000-7f7f588c8000 rw-p 00000000 00:00 0
7f7f588c8000-7f7f5c000000 ---p 00000000 00:00 0
7f7f5c003000-7f7f5c00a000 r--p 00000000 00:10 218315                     /usr/lib/jvm/java-21-openjdk-amd64/lib/libnio.so
7f7f5c00a000-7f7f5c013000 r-xp 00007000 00:10 218315                     /usr/lib/jvm/java-21-openjdk-amd64/lib/libnio.so
7f7f5c013000-7f7f5c017000 r--p 00010000 00:10 218315                     /usr/lib/jvm/java-21-openjdk-amd64/lib/libnio.so
7f7f5c017000-7f7f5c018000 r--p 00014000 00:10 218315                     /usr/lib/jvm/java-21-openjdk-amd64/lib/libnio.so
7f7f5c018000-7f7f5c019000 rw-p 00015000 00:10 218315                     /usr/lib/jvm/java-21-openjdk-amd64/lib/libnio.so
7f7f5c019000-7f7f5c01a000 r--p 00000000 00:10 218742                     /usr/lib/locale/C.utf8/LC_NUMERIC
7f7f5c01a000-7f7f5c01b000 r--p 00000000 00:10 218745                     /usr/lib/locale/C.utf8/LC_TIME
7f7f5c01b000-7f7f5c01c000 r--p 00000000 00:10 218735                     /usr/lib/locale/C.utf8/LC_COLLATE
7f7f5c01c000-7f7f5c01d000 r--p 00000000 00:10 218740                     /usr/lib/locale/C.utf8/LC_MONETARY
7f7f5c01d000-7f7f5c01e000 r--p 00000000 00:10 218733                     /usr/lib/locale/C.utf8/LC_MESSAGES/SYS_LC_MESSAGES
7f7f5c01e000-7f7f5c01f000 r--p 00000000 00:10 218743                     /usr/lib/locale/C.utf8/LC_PAPER
7f7f5c01f000-7f7f5c020000 r--p 00000000 00:10 218741                     /usr/lib/locale/C.utf8/LC_NAME
7f7f5c020000-7f7f5c021000 r--p 00000000 00:10 218734                     /usr/lib/locale/C.utf8/LC_ADDRESS
7f7f5c021000-7f7f5c022000 r--p 00000000 00:10 218744                     /usr/lib/locale/C.utf8/LC_TELEPHONE
7f7f5c022000-7f7f5c023000 r--p 00000000 00:10 218738                     /usr/lib/locale/C.utf8/LC_MEASUREMENT
7f7f5c023000-7f7f5c02a000 r--s 00000000 00:10 225828                     /usr/lib/x86_64-linux-gnu/gconv/gconv-modules.cache
7f7f5c02a000-7f7f5c36e000 rw-p 00000000 00:00 0
7f7f5c36e000-7f7f5c36f000 ---p 00000000 00:00 0
7f7f5c36f000-7f7f5c46f000 rw-p 00000000 00:00 0
7f7f5c46f000-7f7f5c470000 ---p 00000000 00:00 0
7f7f5c470000-7f7f5c570000 rw-p 00000000 00:00 0
7f7f5c570000-7f7f5c571000 ---p 00000000 00:00 0
7f7f5c571000-7f7f5c671000 rw-p 00000000 00:00 0
7f7f5c671000-7f7f5c6d1000 rw-p 00000000 00:00 0
7f7f5c6d1000-7f7f5c77f000 ---p 00000000 00:00 0
7f7f5c77f000-7f7f5c7d1000 rw-p 00000000 00:00 0
7f7f5c7d1000-7f7f5c87f000 ---p 00000000 00:00 0
7f7f5c87f000-7f7f5cc93000 rw-p 00000000 00:00 0
7f7f5cc93000-7f7f5cd72000 ---p 00000000 00:00 0
7f7f5cd72000-7f7f5cd9d000 rw-p 00000000 00:00 0
7f7f5cd9d000-7f7f5ce5d000 ---p 00000000 00:00 0
7f7f5ce5d000-7f7f5ce64000 rw-p 00000000 00:00 0
7f7f5ce64000-7f7f5ce69000 ---p 00000000 00:00 0
7f7f5ce69000-7f7f5ce76000 r--p 00000000 00:10 218299                     /usr/lib/jvm/java-21-openjdk-amd64/lib/libjava.so
7f7f5ce76000-7f7f5ce85000 r-xp 0000d000 00:10 218299                     /usr/lib/jvm/java-21-openjdk-amd64/lib/libjava.so
7f7f5ce85000-7f7f5ce8a000 r--p 0001c000 00:10 218299                     /usr/lib/jvm/java-21-openjdk-amd64/lib/libjava.so
7f7f5ce8a000-7f7f5ce8b000 r--p 00021000 00:10 218299                     /usr/lib/jvm/java-21-openjdk-amd64/lib/libjava.so
7f7f5ce8b000-7f7f5ce8c000 rw-p 00022000 00:10 218299                     /usr/lib/jvm/java-21-openjdk-amd64/lib/libjava.so
7f7f5ce8c000-7f7f5ce8d000 rw-p 00000000 00:00 0
7f7f5ce8d000-7f7f5ce95000 rw-s 00000000 00:10 4992700                    /tmp/hsperfdata_jules/284120
7f7f5ce95000-7f7f5ce99000 ---p 00000000 00:00 0
7f7f5ce99000-7f7f5cf95000 rw-p 00000000 00:00 0
7f7f5cf95000-7f7f5cf99000 r--p 00000000 00:10 228545                     /usr/lib/x86_64-linux-gnu/libgcc_s.so.1
7f7f5cf99000-7f7f5cfbd000 r-xp 00004000 00:10 228545                     /usr/lib/x86_64-linux-gnu/libgcc_s.so.1
7f7f5cfbd000-7f7f5cfc1000 r--p 00028000 00:10 228545                     /usr/lib/x86_64-linux-gnu/libgcc_s.so.1
7f7f5cfc1000-7f7f5cfc2000 r--p 0002b000 00:10 228545                     /usr/lib/x86_64-linux-gnu/libgcc_s.so.1
7f7f5cfc2000-7f7f5cfc3000 rw-p 0002c000 00:10 228545                     /usr/lib/x86_64-linux-gnu/libgcc_s.so.1
7f7f5cfc3000-7f7f5cfd3000 r--p 00000000 00:10 228859                     /usr/lib/x86_64-linux-gnu/libm.so.6
7f7f5cfd3000-7f7f5d052000 r-xp 00010000 00:10 228859                     /usr/lib/x86_64-linux-gnu/libm.so.6
7f7f5d052000-7f7f5d0aa000 r--p 0008f000 00:10 228859                     /usr/lib/x86_64-linux-gnu/libm.so.6
7f7f5d0aa000-7f7f5d0ab000 r--p 000e7000 00:10 228859                     /usr/lib/x86_64-linux-gnu/libm.so.6
7f7f5d0ab000-7f7f5d0ac000 rw-p 000e8000 00:10 228859                     /usr/lib/x86_64-linux-gnu/libm.so.6
7f7f5d0ac000-7f7f5d149000 r--p 00000000 00:10 229185                     /usr/lib/x86_64-linux-gnu/libstdc++.so.6.0.33
7f7f5d149000-7f7f5d291000 r-xp 0009d000 00:10 229185                     /usr/lib/x86_64-linux-gnu/libstdc++.so.6.0.33
7f7f5d291000-7f7f5d318000 r--p 001e5000 00:10 229185                     /usr/lib/x86_64-linux-gnu/libstdc++.so.6.0.33
7f7f5d318000-7f7f5d323000 r--p 0026b000 00:10 229185                     /usr/lib/x86_64-linux-gnu/libstdc++.so.6.0.33
7f7f5d323000-7f7f5d326000 rw-p 00276000 00:10 229185                     /usr/lib/x86_64-linux-gnu/libstdc++.so.6.0.33
7f7f5d326000-7f7f5d32a000 rw-p 00000000 00:00 0
7f7f5d32a000-7f7f5d5cc000 r--p 00000000 00:10 218276                     /usr/lib/jvm/java-21-openjdk-amd64/lib/server/libjvm.so
7f7f5d5cc000-7f7f5e442000 r-xp 002a2000 00:10 218276                     /usr/lib/jvm/java-21-openjdk-amd64/lib/server/libjvm.so
7f7f5e442000-7f7f5e71c000 r--p 01118000 00:10 218276                     /usr/lib/jvm/java-21-openjdk-amd64/lib/server/libjvm.so
7f7f5e71c000-7f7f5e7f0000 r--p 013f1000 00:10 218276                     /usr/lib/jvm/java-21-openjdk-amd64/lib/server/libjvm.so
7f7f5e7f0000-7f7f5e820000 rw-p 014c5000 00:10 218276                     /usr/lib/jvm/java-21-openjdk-amd64/lib/server/libjvm.so
7f7f5e820000-7f7f5e888000 rw-p 00000000 00:00 0
7f7f5e888000-7f7f5e8b0000 r--p 00000000 00:10 228318                     /usr/lib/x86_64-linux-gnu/libc.so.6
7f7f5e8b0000-7f7f5ea38000 r-xp 00028000 00:10 228318                     /usr/lib/x86_64-linux-gnu/libc.so.6
7f7f5ea38000-7f7f5ea87000 r--p 001b0000 00:10 228318                     /usr/lib/x86_64-linux-gnu/libc.so.6
7f7f5ea87000-7f7f5ea8b000 r--p 001fe000 00:10 228318                     /usr/lib/x86_64-linux-gnu/libc.so.6
7f7f5ea8b000-7f7f5ea8d000 rw-p 00202000 00:10 228318                     /usr/lib/x86_64-linux-gnu/libc.so.6
7f7f5ea8d000-7f7f5ea9a000 rw-p 00000000 00:00 0
7f7f5ea9a000-7f7f5ea9c000 r--p 00000000 00:10 218304                     /usr/lib/jvm/java-21-openjdk-amd64/lib/libjli.so
7f7f5ea9c000-7f7f5eaa6000 r-xp 00002000 00:10 218304                     /usr/lib/jvm/java-21-openjdk-amd64/lib/libjli.so
7f7f5eaa6000-7f7f5eaa9000 r--p 0000c000 00:10 218304                     /usr/lib/jvm/java-21-openjdk-amd64/lib/libjli.so
7f7f5eaa9000-7f7f5eaaa000 r--p 0000f000 00:10 218304                     /usr/lib/jvm/java-21-openjdk-amd64/lib/libjli.so
7f7f5eaaa000-7f7f5eaab000 rw-p 00010000 00:10 218304                     /usr/lib/jvm/java-21-openjdk-amd64/lib/libjli.so
7f7f5eaab000-7f7f5eaad000 r--p 00000000 00:10 229390                     /usr/lib/x86_64-linux-gnu/libz.so.1.3
7f7f5eaad000-7f7f5eabf000 r-xp 00002000 00:10 229390                     /usr/lib/x86_64-linux-gnu/libz.so.1.3
7f7f5eabf000-7f7f5eac5000 r--p 00014000 00:10 229390                     /usr/lib/x86_64-linux-gnu/libz.so.1.3
7f7f5eac5000-7f7f5eac6000 r--p 0001a000 00:10 229390                     /usr/lib/x86_64-linux-gnu/libz.so.1.3
7f7f5eac6000-7f7f5eac7000 rw-p 0001b000 00:10 229390                     /usr/lib/x86_64-linux-gnu/libz.so.1.3
7f7f5eac7000-7f7f5eac8000 r--p 00000000 00:10 218737                     /usr/lib/locale/C.utf8/LC_IDENTIFICATION
7f7f5eac8000-7f7f5eac9000 ---p 00000000 00:00 0
7f7f5eac9000-7f7f5eaca000 r--p 00000000 00:00 0
7f7f5eaca000-7f7f5eacb000 ---p 00000000 00:00 0
7f7f5eacb000-7f7f5eacd000 r--p 00000000 00:10 218303                     /usr/lib/jvm/java-21-openjdk-amd64/lib/libjimage.so
7f7f5eacd000-7f7f5ead0000 r-xp 00002000 00:10 218303                     /usr/lib/jvm/java-21-openjdk-amd64/lib/libjimage.so
7f7f5ead0000-7f7f5ead1000 r--p 00005000 00:10 218303                     /usr/lib/jvm/java-21-openjdk-amd64/lib/libjimage.so
7f7f5ead1000-7f7f5ead2000 r--p 00006000 00:10 218303                     /usr/lib/jvm/java-21-openjdk-amd64/lib/libjimage.so
7f7f5ead2000-7f7f5ead3000 rw-p 00007000 00:10 218303                     /usr/lib/jvm/java-21-openjdk-amd64/lib/libjimage.so
7f7f5ead3000-7f7f5ead5000 rw-p 00000000 00:00 0
7f7f5ead5000-7f7f5ead6000 r--p 00000000 00:10 227961                     /usr/lib/x86_64-linux-gnu/ld-linux-x86-64.so.2
7f7f5ead6000-7f7f5eb01000 r-xp 00001000 00:10 227961                     /usr/lib/x86_64-linux-gnu/ld-linux-x86-64.so.2
7f7f5eb01000-7f7f5eb0b000 r--p 0002c000 00:10 227961                     /usr/lib/x86_64-linux-gnu/ld-linux-x86-64.so.2
7f7f5eb0b000-7f7f5eb0d000 r--p 00036000 00:10 227961                     /usr/lib/x86_64-linux-gnu/ld-linux-x86-64.so.2
7f7f5eb0d000-7f7f5eb0f000 rw-p 00038000 00:10 227961                     /usr/lib/x86_64-linux-gnu/ld-linux-x86-64.so.2
7fff78d5c000-7fff78d7d000 rw-p 00000000 00:00 0                          [stack]
7fff78df2000-7fff78df6000 r--p 00000000 00:00 0                          [vvar]
7fff78df6000-7fff78df8000 r-xp 00000000 00:00 0                          [vdso]
ffffffffff600000-ffffffffff601000 --xp 00000000 00:00 0                  [vsyscall]
Total number of mappings: 294

JVMTI agents: none


VM Arguments:
jvm_args: -Djava.awt.headless=true -Djava.library.path=/usr/java/packages/lib:/usr/lib/x86_64-linux-gnu/jni:/lib/x86_64-linux-gnu:/usr/lib/x86_64-linux-gnu:/usr/lib/jni:/lib:/usr/lib:/app/app/src/testDebug/jniLibs:/app/app/src/test/jniLibs -Dorg.gradle.internal.worker.tmpdir=/app/app/build/tmp/testDebugUnitTest/work --add-opens=java.base/java.io=ALL-UNNAMED -Xmx512m -Dfile.encoding=UTF-8 -Duser.country -Duser.language=en -Duser.variant -ea
java_command: worker.org.gradle.process.internal.worker.GradleWorkerMain 'Gradle Test Executor 10'
java_class_path (initial): /home/jules/.gradle/caches/8.11.1/workerMain/gradle-worker.jar:/app/app/build/intermediates/unit_test_config_directory/debugUnitTest/generateDebugUnitTestConfig/out:/app/app/build/tmp/kotlin-classes/debugUnitTest:/app/app/build/intermediates/java_res/debugUnitTest/processDebugUnitTestJavaRes/out:/app/app/build/intermediates/runtime_app_classes_jar/debug/bundleDebugClassesToRuntimeJar/classes.jar:/home/jules/.gradle/caches/8.11.1/transforms/b6d83f16462dfaa59aeb465e768e9333/transformed/junit-1.2.1-runtime.jar:/home/jules/.gradle/caches/modules-2/files-2.1/junit/junit/4.13.2/8ac9e16d933b6fb43bc7f576336b8f4d7eb5ba12/junit-4.13.2.jar:/home/jules/.gradle/caches/modules-2/files-2.1/org.robolectric/robolectric/4.14.1/1e1c6c170ac76b5a6a60a6248e6ee0d144f5d0f4/robolectric-4.14.1.jar:/home/jules/.gradle/caches/8.11.1/transforms/c12ad2a39438324bb9e393c8692871dc/transformed/core-1.6.1-runtime.jar:/home/jules/.gradle/caches/modules-2/files-2.1/org.mockito/mockito-core/5.11.0/e4069fa4f4ff2c94322cfec5f2e45341c6c70aff/mockito-core-5.11.0.jar:/home/jules/.gradle/caches/modules-2/files-2.1/androidx.health.connect/connect-client-external-protobuf/1.1.0-alpha10/fbbd4d38c897a893862f2d4db82225469888c323/connect-client-external-protobuf-1.1.0-alpha10.jar:/home/jules/.gradle/caches/modules-2/files-2.1/androidx.health.connect/connect-client-proto/1.1.0-alpha10/c86ab9f3b1139bda5d5f80f29f985fa804e8bce2/connect-client-proto-1.1.0-alpha10.jar:/home/jules/.gradle/caches/8.11.1/transforms/e2405e8ed2967ced882c0156c3e84986/transformed/connect-client-1.1.0-alpha10-runtime.jar:/home/jules/.gradle/caches/modules-2/files-2.1/androidx.concurrent/concurrent-futures-ktx/1.1.0/b4c245baf36d1a9e7defaf3be84f7a2ad4e1c797/concurrent-futures-ktx-1.1.0.jar:/home/jules/.gradle/caches/modules-2/files-2.1/org.jetbrains.kotlinx/kotlinx-coroutines-guava/1.8.1/ef22ccbd048c621b5deb42d795e394574ed70d03/kotlinx-coroutines-guava-1.8.1.jar:/home/jules/.gradle/caches/modules-2/files-2.1/org.jetbrains.kotlinx/kotlinx-coroutines-core-jvm/1.8.1/bb0e192bd7c2b6b8217440d36e9758e377e450/kotlinx-coroutines-core-jvm-1.8.1.jar:/home/jules/.gradle/caches/modules-2/files-2.1/org.jetbrains.kotlinx/kotlinx-coroutines-android/1.8.1/73e2acdd18df99dd4849d99f188dff529fc0afe0/kotlinx-coroutines-android-1.8.1.jar:/home/jules/.gradle/caches/modules-2/files-2.1/org.robolectric/shadows-framework/4.14.1/fb42ece6c8802d425aa4e52c3041b9a3c780f1ae/shadows-framework-4.14.1.jar:/home/jules/.gradle/caches/8.11.1/transforms/2db3c9b23c99d03d52d186e6bdbf72eb/transformed/storage-1.5.0-runtime.jar:/home/jules/.gradle/caches/8.11.1/transforms/6d4b2f5004b9eab91a9987a70469bb3a/transformed/monitor-1.7.2-runtime.jar:/home/jules/.gradle/caches/8.11.1/transforms/b9c87a12372add74a7fbba874d15a823/transformed/activity-1.2.0-runtime.jar:/home/jules/.gradle/caches/8.11.1/transforms/a253dc1d892c0fd091dbcea982d17877/transformed/core-1.12.0-runtime.jar:/home/jules/.gradle/caches/8.11.1/transforms/560a8d04be1ec5bad3e86a46343df9cb/transformed/core-ktx-1.12.0-runtime.jar:/home/jules/.gradle/caches/8.11.1/transforms/cb2b2f55220c5f4dbc233338e96b09e7/transformed/lifecycle-viewmodel-savedstate-2.3.0-runtime.jar:/home/jules/.gradle/caches/8.11.1/transforms/656b68485c07c131f626d249cc176b94/transformed/savedstate-1.1.0-runtime.jar:/home/jules/.gradle/caches/8.11.1/transforms/093397e4570454efe4522bb8f80a7d9b/transformed/lifecycle-livedata-core-2.3.0-runtime.jar:/home/jules/.gradle/caches/8.11.1/transforms/4fb6bc7e6c165e3626974370806b2f07/transformed/lifecycle-runtime-2.3.1-runtime.jar:/home/jules/.gradle/caches/modules-2/files-2.1/androidx.lifecycle/lifecycle-common/2.3.1/fc466261d52f4433863642fb40d12441ae274a98/lifecycle-common-2.3.1.jar:/home/jules/.gradle/caches/8.11.1/transforms/3feaf816a2ef101674feca6d8636cfa3/transformed/tracing-1.1.0-runtime.jar:/home/jules/.gradle/caches/modules-2/files-2.1/androidx.concurrent/concurrent-futures/1.1.0/50b7fb98350d5f42a4e49704b03278542293ba48/concurrent-futures-1.1.0.jar:/home/jules/.gradle/caches/8.11.1/transforms/1580e111d7bc6de533bc3349226ba4c1/transformed/lifecycle-viewmodel-2.3.0-runtime.jar:/home/jules/.gradle/caches/8.11.1/transforms/3634e670ce0879719c33effd723160ff/transformed/versionedparcelable-1.1.1-runtime.jar:/home/jules/.gradle/caches/modules-2/files-2.1/androidx.collection/collection/1.0.0/42858b26cafdaa69b6149f45dfc2894007bc2c7a/collection-1.0.0.jar:/home/jules/.gradle/caches/8.11.1/transforms/32b41f7c901077ad7ea7cdf74cf47610/transformed/interpolator-1.0.0-runtime.jar:/home/jules/.gradle/caches/8.11.1/transforms/c0f78fbe6cbfb11784ca5ff903733af4/transformed/core-runtime-2.1.0-runtime.jar:/home/jules/.gradle/caches/modules-2/files-2.1/androidx.arch.core/core-common/2.1.0/b3152fc64428c9354344bd89848ecddc09b6f07e/core-common-2.1.0.jar:/home/jules/.gradle/caches/modules-2/files-2.1/androidx.annotation/annotation-jvm/1.8.1/b8a16fe526014b7941c1debaccaf9c5153692dbb/annotation-jvm-1.8.1.jar:/home/jules/.gradle/caches/8.11.1/transforms/de5a51727fb06684538ddf4ed34790a2/transformed/annotation-experimental-1.3.0-runtime.jar:/home/jules/.gradle/caches/modules-2/files-2.1/org.jetbrains.kotlin/kotlin-stdlib/1.9.24/9928532f12c66ad816a625b3f9984f8368ca6d2b/kotlin-stdlib-1.9.24.jar:/home/jules/.gradle/caches/modules-2/files-2.1/org.hamcrest/hamcrest-core/1.3/42a25dc3219429f0e5d060061f71acb49bf010a0/hamcrest-core-1.3.jar:/home/jules/.gradle/caches/modules-2/files-2.1/org.conscrypt/conscrypt-openjdk-uber/2.5.2/d858f142ea189c62771c505a6548d8606ac098fe/conscrypt-openjdk-uber-2.5.2.jar:/home/jules/.gradle/caches/modules-2/files-2.1/org.yaml/snakeyaml/2.3/936b36210e27320f920536f695cf1af210c44586/snakeyaml-2.3.jar:/home/jules/.gradle/caches/8.11.1/transforms/f0d906495c762687e6071396ff9108e5/transformed/espresso-idling-resource-3.6.1-runtime.jar:/home/jules/.gradle/caches/modules-2/files-2.1/com.google.testparameterinjector/test-parameter-injector/1.18/5da02ca88c55bab58071a33e3f5fb6cfcf5df270/test-parameter-injector-1.18.jar:/home/jules/.gradle/caches/modules-2/files-2.1/org.robolectric/junit/4.14.1/fa7cb6a5385f4acb4b0af58ce467187d8f1559b1/junit-4.14.1.jar:/home/jules/.gradle/caches/modules-2/files-2.1/org.robolectric/resources/4.14.1/9e5155937c5cf5d6f9099879f12b485ead249ca6/resources-4.14.1.jar:/home/jules/.gradle/caches/modules-2/files-2.1/org.robolectric/sandbox/4.14.1/1f68cda721d15d8ae05f811f87ddb29647c3035b/sandbox-4.14.1.jar:/home/jules/.gradle/caches/modules-2/files-2.1/org.robolectric/nativeruntime/4.14.1/1ecc7a9ab86c85526dda78244d8997d3f8e4bb30/nativeruntime-4.14.1.jar:/home/jules/.gradle/caches/modules-2/files-2.1/org.robolectric/utils-reflector/4.14.1/1b2fdbe1ba9c416d204969d088b597294b099422/utils-reflector-4.14.1.jar:/home/jules/.gradle/caches/modules-2/files-2.1/org.robolectric/plugins-maven-dependency-resolver/4.14.1/79f52110888b65a9dc0a39f796f971aaa042a036/plugins-maven-dependency-resolver-4.14.1.jar:/home/jules/.gradle/caches/modules-2/files-2.1/org.robolectric/shadowapi/4.14.1/f0caf6757e0232a2a7fd2e22eebeb2049e26383f/shadowapi-4.14.1.jar:/home/jules/.gradle/caches/modules-2/files-2.1/org.robolectric/utils/4.14.1/8a69e156d65c68a069c48ee23a8ac5d36b9cbd22/utils-4.14.1.jar:/home/jules/.gradle/caches/modules-2/files-2.1/org.robolectric/pluginapi/4.14.1/7b78bf0d46e609608117895acebec19d48593858/pluginapi-4.14.1.jar:/home/jules/.gradle/caches/modules-2/files-2.1/org.robolectric/annotations/4.14.1/75dc083bf3b04f711fa6246263d5f544968e1163/annotations-4.14.1.jar:/home/jules/.gradle/caches/modules-2/files-2.1/javax.inject/javax.inject/1/6975da39a7040257bd51d21a231b76c915872d38/javax.inject-1.jar:/home/jules/.gradle/caches/modules-2/files-2.1/javax.annotation/javax.annotation-api/1.3.2/934c04d3cfef185a8008e7bf34331b79730a9d43/javax.annotation-api-1.3.2.jar:/home/jules/.gradle/caches/modules-2/files-2.1/org.bouncycastle/bcprov-jdk18on/1.78.1/39e9e45359e20998eb79c1828751f94a818d25f8/bcprov-jdk18on-1.78.1.jar:/home/jules/.gradle/caches/modules-2/files-2.1/com.google.errorprone/error_prone_annotation/2.34.0/d74b3474300d060bfb83f961bb0ec118c502ec76/error_prone_annotation-2.34.0.jar:/home/jules/.gradle/caches/modules-2/files-2.1/com.google.guava/guava/33.3.1-jre/36162b3b4e9df67dae90db62a2c54616ca42c1bd/guava-33.3.1-android.jar:/home/jules/.gradle/caches/modules-2/files-2.1/com.google.guava/listenablefuture/9999.0-empty-to-avoid-conflict-with-guava/b421526c5f297295adef1c886e5246c39d4ac629/listenablefuture-9999.0-empty-to-avoid-conflict-with-guava.jar:/home/jules/.gradle/caches/modules-2/files-2.1/net.bytebuddy/byte-buddy/1.14.12/6e37f743dc15a8d7a4feb3eb0025cbc612d5b9e1/byte-buddy-1.14.12.jar:/home/jules/.gradle/caches/modules-2/files-2.1/net.bytebuddy/byte-buddy-agent/1.14.12/be4984cb6fd1ef1d11f218a648889dfda44b8a15/byte-buddy-agent-1.14.12.jar:/home/jules/.gradle/caches/modules-2/files-2.1/org.objenesis/objenesis/3.3/1049c09f1de4331e8193e579448d0916d75b7631/objenesis-3.3.jar:/home/jules/.gradle/caches/modules-2/files-2.1/org.jetbrains/annotations/23.0.0/8cc20c07506ec18e0834947b84a864bfc094484e/annotations-23.0.0.jar:/home/jules/.gradle/caches/modules-2/files-2.1/com.google.auto.value/auto-value-annotations/1.11.0/f0d047931d07cfbc6fa4079854f181ff62891d6f/auto-value-annotations-1.11.0.jar:/home/jules/.gradle/caches/modules-2/files-2.1/org.ow2.asm/asm-commons/9.7.1/406c6a2225cfe1819f102a161e54cc16a5c24f75/asm-commons-9.7.1.jar:/home/jules/.gradle/caches/modules-2/files-2.1/org.ow2.asm/asm-util/9.7.1/9e23359b598ec6b74b23e53110dd5c577adf2243/asm-util-9.7.1.jar:/home/jules/.gradle/caches/modules-2/files-2.1/org.ow2.asm/asm-analysis/9.7.1/f97a3b319f0ed6a8cd944dc79060d3912a28985f/asm-analysis-9.7.1.jar:/home/jules/.gradle/caches/modules-2/files-2.1/org.ow2.asm/asm-tree/9.7.1/3a53139787663b139de76b627fca0084ab60d32c/asm-tree-9.7.1.jar:/home/jules/.gradle/caches/modules-2/files-2.1/org.ow2.asm/asm/9.7.1/f0ed132a49244b042cd0e15702ab9f2ce3cc8436/asm-9.7.1.jar:/home/jules/.gradle/caches/modules-2/files-2.1/com.almworks.sqlite4java/sqlite4java/1.0.392/d6234e08ff4e1607ff5321da2579571f05ff778d/sqlite4java-1.0.392.jar:/home/jules/.gradle/caches/modules-2/files-2.1/com.ibm.icu/icu4j/75.1/e8f8dcc2967f5ec2cfae185172293adfa5599b78/icu4j-75.1.jar:/home/jules/.gradle/caches/modules-2/files-2.1/com.google.guava/failureaccess/1.0.2/c4a06a64e650562f30b7bf9aaec1bfed43aca12b/failureaccess-1.0.2.jar:/home/jules/.gradle/caches/modules-2/files-2.1/com.google.code.findbugs/jsr305/3.0.2/25ea2e8b0c338a877313bd4672d3fe056ea78f0d/jsr305-3.0.2.jar:/home/jules/.gradle/caches/modules-2/files-2.1/org.checkerframework/checker-qual/3.43.0/9425eee39e56b116d2b998b7c2cebcbd11a3c98b/checker-qual-3.43.0.jar:/home/jules/.gradle/caches/modules-2/files-2.1/com.google.errorprone/error_prone_annotations/2.28.0/59fc00087ce372de42e394d2c789295dff2d19f0/error_prone_annotations-2.28.0.jar:/home/jules/.gradle/caches/modules-2/files-2.1/com.google.j2objc/j2objc-annotations/3.0.0/7399e65dd7e9ff3404f4535b2f017093bdb134c7/j2objc-annotations-3.0.0.jar:/home/jules/.gradle/caches/modules-2/files-2.1/org.robolectric/nativeruntime-dist-compat/1.0.16/ef05f75ca93873db8afb4642c32ba816e67856bc/nativeruntime-dist-compat-1.0.16.jar:/app/app/build/intermediates/java_res/debug/processDebugJavaRes/out:/home/jules/.gradle/caches/8.11.1/transforms/cf6db879f3844129dd7baccf779f0f38/transformed/junit-1.2.1/jars/classes.jar:/home/jules/.gradle/caches/8.11.1/transforms/89cf3070a42a10807d5b83edc5482e7d/transformed/core-1.6.1/jars/classes.jar:/home/jules/.gradle/caches/8.11.1/transforms/cb37134884c06477938c11d9c20540a2/transformed/connect-client-1.1.0-alpha10/jars/classes.jar:/home/jules/.gradle/caches/8.11.1/transforms/3bcf6e5c7e302176f236b13b8eea20bb/transformed/storage-1.5.0/jars/classes.jar:/home/jules/.gradle/caches/8.11.1/transforms/e97d2c633317c7158e84ebc727a3b327/transformed/monitor-1.7.2/jars/classes.jar:/home/jules/.gradle/caches/8.11.1/transforms/39d1cdbd8e560c4e4f8ffb402b54cb60/transformed/activity-1.2.0/jars/classes.jar:/home/jules/.gradle/caches/8.11.1/transforms/eb98500697014cfb02135ee296536cb7/transformed/core-1.12.0/jars/classes.jar:/home/jules/.gradle/caches/8.11.1/transforms/c9e8b241b5f45115c74c61ab3649421b/transformed/core-ktx-1.12.0/jars/classes.jar:/home/jules/.gradle/caches/8.11.1/transforms/a6bdc58c6ee0314e2cf4a93ac4a18cd8/transformed/lifecycle-viewmodel-savedstate-2.3.0/jars/classes.jar:/home/jules/.gradle/caches/8.11.1/transforms/0ab4662c3f599b2aca8f2c188c02591c/transformed/savedstate-1.1.0/jars/classes.jar:/home/jules/.gradle/caches/8.11.1/transforms/63ad99c37fe78a7d51d6ac4453f461ec/transformed/lifecycle-livedata-core-2.3.0/jars/classes.jar:/home/jules/.gradle/caches/8.11.1/transforms/aa518c31795226ee10a4c9ef66fcb7d6/transformed/lifecycle-runtime-2.3.1/jars/classes.jar:/home/jules/.gradle/caches/8.11.1/transforms/c404e1b6a4574267c5abf1f1770790a0/transformed/tracing-1.1.0/jars/classes.jar:/home/jules/.gradle/caches/8.11.1/transforms/bb4a2f1d29256a2cd3b8992374a29dcf/transformed/lifecycle-viewmodel-2.3.0/jars/classes.jar:/home/jules/.gradle/caches/8.11.1/transforms/262e4e934572749624fbe25d800e13e1/transformed/versionedparcelable-1.1.1/jars/classes.jar:/home/jules/.gradle/caches/8.11.1/transforms/fa569743629c8bdaa5e7f1daa84220ec/transformed/interpolator-1.0.0/jars/classes.jar:/home/jules/.gradle/caches/8.11.1/transforms/746788583d54c9229a3f63c4e5d79b71/transformed/core-runtime-2.1.0/jars/classes.jar:/home/jules/.gradle/caches/8.11.1/transforms/d43e13f93ae911a088f2295bcf18dcbd/transformed/annotation-experimental-1.3.0/jars/classes.jar:/home/jules/.gradle/caches/8.11.1/transforms/a152a06173d4614b5eff39044d3c20ac/transformed/espresso-idling-resource-3.6.1/jars/classes.jar:/app/app/build/intermediates/compile_and_runtime_not_namespaced_r_class_jar/debug/processDebugResources/R.jar:/home/jules/.gradle/caches/8.11.1/transforms/c755338912871b11fec95e2e87665c3e/transformed/android.jar
Launcher Type: SUN_STANDARD

[Global flags]
     intx CICompilerCount                          = 3                                         {product} {ergonomic}
     uint ConcGCThreads                            = 1                                         {product} {ergonomic}
     uint G1ConcRefinementThreads                  = 4                                         {product} {ergonomic}
   size_t G1HeapRegionSize                         = 1048576                                   {product} {ergonomic}
    uintx GCDrainStackTargetSize                   = 64                                        {product} {ergonomic}
   size_t InitialHeapSize                          = 132120576                                 {product} {ergonomic}
   size_t MarkStackSize                            = 4194304                                   {product} {ergonomic}
   size_t MaxHeapSize                              = 536870912                                 {product} {command line}
   size_t MaxNewSize                               = 321912832                                 {product} {ergonomic}
   size_t MinHeapDeltaBytes                        = 1048576                                   {product} {ergonomic}
   size_t MinHeapSize                              = 8388608                                   {product} {ergonomic}
    uintx NonNMethodCodeHeapSize                   = 5832780                                {pd product} {ergonomic}
    uintx NonProfiledCodeHeapSize                  = 122912730                              {pd product} {ergonomic}
    uintx ProfiledCodeHeapSize                     = 122912730                              {pd product} {ergonomic}
    uintx ReservedCodeCacheSize                    = 251658240                              {pd product} {ergonomic}
     bool SegmentedCodeCache                       = true                                      {product} {ergonomic}
   size_t SoftMaxHeapSize                          = 536870912                              {manageable} {ergonomic}
     bool UseCompressedOops                        = true                           {product lp64_product} {ergonomic}
     bool UseG1GC                                  = true                                      {product} {ergonomic}

Logging:
Log output configuration:
 #0: stdout all=warning uptime,level,tags foldmultilines=false
 #1: stderr all=off uptime,level,tags foldmultilines=false

Release file:
IMPLEMENTOR="Ubuntu"
JAVA_RUNTIME_VERSION="21.0.10+7-Ubuntu-124.04"
JAVA_VERSION="21.0.10"
JAVA_VERSION_DATE="2026-01-20"
LIBC="gnu"
MODULES="java.base java.compiler java.datatransfer java.xml java.prefs java.desktop java.instrument java.logging java.management java.security.sasl java.naming java.rmi java.management.rmi java.net.http java.scripting java.security.jgss java.transaction.xa java.sql java.sql.rowset java.xml.crypto java.se java.smartcardio jdk.accessibility jdk.internal.jvmstat jdk.attach jdk.charsets jdk.internal.opt jdk.zipfs jdk.compiler jdk.crypto.ec jdk.crypto.cryptoki jdk.dynalink jdk.internal.ed jdk.editpad jdk.hotspot.agent jdk.httpserver jdk.incubator.vector jdk.internal.le jdk.internal.vm.ci jdk.internal.vm.compiler jdk.internal.vm.compiler.management jdk.jartool jdk.javadoc jdk.jcmd jdk.management jdk.management.agent jdk.jconsole jdk.jdeps jdk.jdwp.agent jdk.jdi jdk.jfr jdk.jlink jdk.jpackage jdk.jshell jdk.jsobject jdk.jstatd jdk.localedata jdk.management.jfr jdk.naming.dns jdk.naming.rmi jdk.net jdk.nio.mapmode jdk.random jdk.sctp jdk.security.auth jdk.security.jgss jdk.unsupported jdk.unsupported.desktop jdk.xml.dom"
OS_ARCH="x86_64"
OS_NAME="Linux"
SOURCE=""

Environment Variables:
JAVA_HOME=/usr/lib/jvm/java-21-openjdk-amd64
PATH=/home/jules/.nvm/versions/node/v22.22.1/bin:/home/jules/.pyenv/shims:/home/jules/.pyenv/bin:/home/jules/.local/bin:/opt/flutter/bin:/usr/lib/dotnet:/opt/android-sdk/cmdline-tools/latest/bin:/opt/android-sdk/platform-tools:/go/bin:/usr/local/go/bin:/usr/share/gradle/bin:/usr/share/maven/bin:/home/jules/.local/bin:/home/jules/.cargo/bin:/usr/local/bun/bin:/usr/local/sbin:/usr/local/bin:/usr/sbin:/usr/bin:/sbin:/bin:/snap/bin:/home/jules/.dotnet/tools
SHELL=/bin/bash
LANG=C.UTF-8
TERM=tmux-256color

Active Locale:
LC_ALL=C.UTF-8
LC_COLLATE=C.UTF-8
LC_CTYPE=C.UTF-8
LC_MESSAGES=C.UTF-8
LC_MONETARY=C.UTF-8
LC_NUMERIC=C.UTF-8
LC_TIME=C.UTF-8

Signal Handlers:
   SIGSEGV: crash_handler in libjvm.so, mask=11100100010111111101111111111110, flags=SA_RESTART|SA_SIGINFO, unblocked
    SIGBUS: crash_handler in libjvm.so, mask=11100100010111111101111111111110, flags=SA_RESTART|SA_SIGINFO, unblocked
    SIGFPE: crash_handler in libjvm.so, mask=11100100010111111101111111111110, flags=SA_RESTART|SA_SIGINFO, unblocked
   SIGPIPE: javaSignalHandler in libjvm.so, mask=11100100010111111101111111111110, flags=SA_RESTART|SA_SIGINFO, blocked
   SIGXFSZ: javaSignalHandler in libjvm.so, mask=11100100010111111101111111111110, flags=SA_RESTART|SA_SIGINFO, blocked
    SIGILL: crash_handler in libjvm.so, mask=11100100010111111101111111111110, flags=SA_RESTART|SA_SIGINFO, unblocked
   SIGUSR2: SR_handler in libjvm.so, mask=00000000000000000000000000000000, flags=SA_RESTART|SA_SIGINFO, blocked
    SIGHUP: UserHandler in libjvm.so, mask=11100100010111111101111111111110, flags=SA_RESTART|SA_SIGINFO, blocked
    SIGINT: UserHandler in libjvm.so, mask=11100100010111111101111111111110, flags=SA_RESTART|SA_SIGINFO, blocked
   SIGTERM: UserHandler in libjvm.so, mask=11100100010111111101111111111110, flags=SA_RESTART|SA_SIGINFO, blocked
   SIGQUIT: UserHandler in libjvm.so, mask=11100100010111111101111111111110, flags=SA_RESTART|SA_SIGINFO, blocked
   SIGTRAP: crash_handler in libjvm.so, mask=11100100010111111101111111111110, flags=SA_RESTART|SA_SIGINFO, unblocked


Periodic native trim disabled

---------------  S Y S T E M  ---------------

OS:
DISTRIB_ID=Ubuntu
DISTRIB_RELEASE=24.04
DISTRIB_CODENAME=noble
DISTRIB_DESCRIPTION="Ubuntu 24.04.4 LTS"
uname: Linux 6.8.0 #1 SMP PREEMPT_DYNAMIC Fri Feb 20 20:38:43 UTC 2026 x86_64
OS uptime: 0 days 0:21 hours
libc: glibc 2.39 NPTL 2.39
rlimit (soft/hard): STACK 8192k/infinity , CORE 0k/0k , NPROC 31821/31821 , NOFILE 1048576/1048576 , AS infinity/infinity , CPU infinity/infinity , DATA infinity/infinity , FSIZE infinity/infinity , MEMLOCK 1018764k/1018764k
load average: 7.18 2.77 1.74

/proc/meminfo:
MemTotal:        8150116 kB
MemFree:          301988 kB
MemAvailable:    2681776 kB
Buffers:           59328 kB
Cached:          2486496 kB
SwapCached:            0 kB
Active:          1119432 kB
Inactive:        6518084 kB
Active(anon):        300 kB
Inactive(anon):  5091936 kB
Active(file):    1119132 kB
Inactive(file):  1426148 kB
Unevictable:           4 kB
Mlocked:               0 kB
SwapTotal:             0 kB
SwapFree:              0 kB
Dirty:               956 kB
Writeback:             0 kB
AnonPages:       5091640 kB
Mapped:           185568 kB
Shmem:               544 kB
KReclaimable:     111084 kB
Slab:             142504 kB
SReclaimable:     111084 kB
SUnreclaim:        31420 kB
KernelStack:        6816 kB
PageTables:        15876 kB
SecPageTables:         0 kB
NFS_Unstable:          0 kB
Bounce:                0 kB
WritebackTmp:          0 kB
CommitLimit:     4075056 kB
Committed_AS:    6308616 kB
VmallocTotal:   34359738367 kB
VmallocUsed:        8188 kB
VmallocChunk:          0 kB
Percpu:             1248 kB
AnonHugePages:         0 kB
ShmemHugePages:        0 kB
ShmemPmdMapped:        0 kB
FileHugePages:         0 kB
FilePmdMapped:         0 kB
HugePages_Total:       0
HugePages_Free:        0
HugePages_Rsvd:        0
HugePages_Surp:        0
Hugepagesize:       2048 kB
Hugetlb:               0 kB
DirectMap4k:       28672 kB
DirectMap2M:     2068480 kB
DirectMap1G:     8388608 kB

/sys/kernel/mm/transparent_hugepage/enabled: always [madvise] never
/sys/kernel/mm/transparent_hugepage/hpage_pmd_size: 2097152
/sys/kernel/mm/transparent_hugepage/defrag (defrag/compaction efforts parameter): always defer defer+madvise [madvise] never

Process Memory:
Virtual Size: 4059416K (peak: 4059416K)
Resident Set Size: 462640K (peak: 462640K) (anon: 435088K, file: 27552K, shmem: 0K)
Swapped out: 0K
C-Heap outstanding allocations: 80636K, retained: 72515K
glibc malloc tunables: (default)

/proc/sys/kernel/threads-max (system-wide limit on the number of threads): 63642
/proc/sys/vm/max_map_count (maximum number of memory map areas a process may have): 1048576
/proc/sys/vm/swappiness (control to define how aggressively the kernel swaps out anonymous memory): 60
/proc/sys/kernel/pid_max (system-wide limit on number of process identifiers): 4194304

container information not found.
KVM virtualization detected
Steal ticks since vm start: 3
Steal ticks percentage since vm start:  0.000

CPU: total 4 (initial active 4) (4 cores per cpu, 1 threads per core) family 6 model 63 stepping 0 microcode 0x1, cx8, cmov, fxsr, mmx, sse, sse2, sse3, ssse3, sse4.1, sse4.2, popcnt, lzcnt, tsc, tscinvbit, avx, avx2, aes, erms, clmul, bmi1, bmi2, fma, vzeroupper, clflush, hv, rdtscp, f16c
CPU Model and flags from /proc/cpuinfo:
model name	: Intel(R) Xeon(R) Processor @ 2.30GHz
flags		: fpu vme de pse tsc msr pae mce cx8 apic sep mtrr pge mca cmov pat pse36 clflush mmx fxsr sse sse2 ss ht syscall nx pdpe1gb rdtscp lm constant_tsc rep_good nopl xtopology nonstop_tsc cpuid tsc_known_freq pni pclmulqdq ssse3 fma cx16 pcid sse4_1 sse4_2 x2apic movbe popcnt tsc_deadline_timer aes xsave avx f16c rdrand hypervisor lahf_lm abm cpuid_fault pti ssbd ibrs ibpb stibp fsgsbase tsc_adjust bmi1 avx2 smep bmi2 erms invpcid xsaveopt arat umip md_clear arch_capabilities

Online cpus: 0-3
Offline cpus:
BIOS frequency limitation: <Not Available>
Frequency switch latency (ns): <Not Available>
Available cpu frequencies: <Not Available>
Current governor: <Not Available>
Core performance/turbo boost: <Not Available>

Memory: 4k page, physical 8150116k(2681776k free), swap 0k(0k free)
Page Sizes: 4k

vm_info: OpenJDK 64-Bit Server VM (21.0.10+7-Ubuntu-124.04) for linux-amd64 JRE (21.0.10+7-Ubuntu-124.04), built on 2026-01-22T23:46:23Z by "buildd" with gcc 13.3.0

END.
